node1,node2,ans
449,134,
762,435,
18,642,
358,264,
69,108,
89,505,
340,114,
160,4,
235,759,
486,29,
561,713,
506,2,
533,155,
491,590,
202,569,
927,407,
473,463,
388,249,
429,301,
637,362,
732,490,
135,860,
107,58,
529,488,
405,183,
232,939,
934,892,
602,61,
152,416,
377,147,
570,122,
282,586,
571,522,
698,372,
720,390,
439,366,
370,40,
707,627,
292,796,
520,806,
262,940,
271,725,
833,727,
341,137,
516,195,
734,239,
615,714,
62,812,
971,9,
84,811,
83,118,
254,144,
54,738,
133,929,
431,281,
376,394,
648,475,
825,923,
604,537,
393,150,
395,874,
514,688,
62,769,
395,250,
21,816,
65,990,
86,185,
1000,773,
229,487,
837,875,
38,29,
5,325,
357,568,
93,133,
57,126,
426,683,
985,470,
282,427,
357,774,
39,28,
141,11,
907,851,
426,130,
286,305,
549,136,
847,443,
589,274,
114,533,
34,40,
994,149,
459,106,
963,237,
169,339,
39,303,
435,975,
254,128,
243,859,
617,979,
397,400,
251,168,
230,234,
258,101,
826,4,
603,347,
601,945,
753,170,
249,132,
559,406,
231,526,
6,327,
646,290,
431,152,
376,368,
233,828,
976,444,
354,100,
847,205,
803,609,
135,117,
217,142,
284,14,
357,454,
527,421,
377,782,
756,42,
504,24,
338,32,
896,356,
513,154,
659,890,
535,67,
457,294,
137,281,
618,243,
307,519,
152,526,
450,275,
281,46,
536,699,
419,91,
11,8,
890,52,
172,505,
287,74,
52,786,
306,509,
646,527,
393,114,
852,742,
949,369,
231,179,
572,930,
630,370,
157,174,
952,833,
23,165,
812,252,
109,502,
369,733,
121,278,
771,542,
471,421,
377,776,
406,277,
559,769,
321,904,
655,83,
67,108,
14,394,
140,334,
157,352,
493,473,
809,806,
349,677,
145,163,
60,283,
192,79,
290,108,
262,179,
41,859,
111,266,
377,385,
186,932,
462,561,
456,122,
522,631,
541,795,
376,390,
494,741,
187,663,
301,312,
549,173,
529,828,
424,493,
602,369,
533,147,
395,509,
760,301,
215,81,
64,349,
834,505,
121,647,
264,522,
88,303,
223,330,
352,404,
183,21,
266,555,
27,278,
154,129,
377,851,
333,7,
83,147,
518,422,
338,900,
65,334,
796,903,
93,149,
518,211,
118,738,
843,50,
161,637,
251,30,
273,311,
865,412,
395,755,
808,666,
763,875,
426,283,
377,320,
609,898,
496,340,
333,434,
434,137,
163,106,
147,759,
288,117,
25,28,
15,571,
896,83,
991,83,
301,269,
93,108,
285,304,
996,45,
437,165,
584,130,
420,249,
64,937,
107,282,
426,572,
42,296,
87,42,
171,26,
46,274,
439,83,
531,142,
375,507,
920,272,
21,550,
223,282,
129,130,
316,178,
11,529,
200,969,
284,255,
949,780,
824,186,
96,236,
84,317,
716,41,
262,298,
124,166,
565,396,
551,51,
174,65,
454,807,
419,932,
845,59,
162,478,
528,450,
169,828,
464,818,
945,730,
160,302,
349,818,
525,355,
18,797,
93,913,
264,266,
411,96,
183,545,
54,714,
564,258,
61,483,
51,199,
62,3,
555,283,
560,34,
477,672,
636,238,
483,178,
42,160,
547,73,
552,821,
187,316,
28,35,
349,394,
168,232,
160,17,
315,396,
232,397,
511,774,
368,14,
461,315,
222,310,
414,100,
273,461,
258,803,
298,465,
988,28,
896,810,
1004,100,
134,810,
362,870,
142,333,
258,423,
263,514,
371,563,
846,225,
86,218,
339,340,
129,107,
94,921,
506,270,
593,350,
4,880,
215,589,
160,832,
558,487,
691,988,
437,136,
824,456,
138,3,
15,261,
279,699,
837,358,
555,134,
366,74,
178,709,
438,494,
499,771,
430,680,
405,221,
161,447,
142,355,
96,89,
6,346,
338,107,
22,170,
17,872,
13,15,
90,916,
815,57,
637,178,
421,573,
971,950,
469,90,
73,560,
167,128,
670,168,
190,503,
638,617,
449,993,
508,658,
400,776,
461,20,
107,255,
62,571,
201,18,
131,830,
961,605,
129,286,
115,165,
379,16,
669,423,
845,651,
40,651,
486,168,
450,168,
417,309,
281,497,
74,438,
576,182,
17,405,
416,1000,
124,513,
187,710,
233,62,
194,117,
366,58,
285,688,
320,200,
834,607,
481,307,
555,754,
31,35,
853,481,
358,845,
82,541,
273,234,
266,525,
589,83,
44,358,
13,137,
957,700,
107,379,
422,194,
29,31,
81,129,
900,914,
240,41,
426,86,
460,183,
545,34,
423,171,
107,230,
44,121,
312,413,
474,615,
792,780,
1001,486,
131,163,
922,296,
300,45,
461,335,
178,952,
488,160,
29,438,
309,904,
651,420,
251,47,
533,188,
667,597,
520,216,
929,813,
440,497,
15,128,
152,283,
321,475,
876,187,
933,15,
772,65,
384,296,
61,52,
688,36,
306,160,
151,967,
489,593,
638,55,
100,768,
35,434,
8,160,
250,393,
281,6,
333,176,
504,160,
196,776,
315,820,
845,329,
158,598,
734,257,
429,328,
24,997,
359,502,
250,516,
733,321,
572,129,
104,61,
839,936,
17,441,
302,459,
269,572,
964,189,
845,58,
733,896,
428,212,
812,193,
82,401,
301,392,
14,61,
244,595,
281,990,
656,147,
495,106,
912,466,
121,4,
687,385,
995,944,
438,89,
32,417,
321,349,
113,339,
486,115,
286,815,
303,82,
854,685,
326,695,
563,129,
508,550,
393,650,
261,936,
969,967,
867,351,
49,520,
173,92,
129,161,
438,33,
507,429,
61,368,
398,178,
143,1003,
79,393,
114,173,
570,774,
110,474,
27,26,
145,591,
159,926,
159,788,
425,526,
737,886,
205,419,
256,355,
326,364,
453,472,
344,377,
970,546,
895,532,
365,451,
128,86,
95,14,
291,144,
160,251,
142,124,
74,21,
845,839,
791,19,
183,68,
94,859,
814,23,
509,952,
655,892,
6,389,
648,266,
283,263,
204,838,
362,702,
913,170,
183,236,
914,86,
615,168,
184,686,
31,30,
1004,181,
601,480,
114,405,
5,367,
187,2,
424,160,
408,306,
988,91,
763,766,
103,383,
787,958,
875,824,
147,615,
363,159,
181,149,
116,655,
914,924,
83,372,
891,126,
525,9,
543,113,
41,202,
481,3,
607,176,
213,519,
12,915,
13,489,
83,932,
177,331,
809,372,
547,449,
936,935,
411,646,
544,42,
697,121,
84,270,
189,853,
380,440,
330,608,
826,193,
196,988,
51,917,
438,588,
23,28,
250,806,
51,28,
488,529,
386,761,
56,126,
193,966,
432,679,
215,296,
153,152,
146,21,
516,842,
29,233,
999,371,
340,884,
844,49,
506,232,
5,468,
142,58,
82,303,
87,661,
196,177,
356,62,
446,447,
898,226,
401,788,
788,626,
925,333,
788,269,
424,641,
99,175,
335,545,
362,331,
823,4,
666,823,
158,806,
611,160,
539,160,
404,124,
218,459,
661,247,
797,602,
189,418,
227,545,
190,250,
128,283,
160,573,
58,88,
93,306,
65,51,
339,10,
7,773,
97,978,
557,918,
84,127,
56,309,
700,445,
761,960,
183,291,
203,117,
80,534,
106,83,
55,911,
606,492,
747,690,
121,453,
523,312,
361,827,
922,956,
64,87,
971,324,
157,751,
991,192,
889,300,
61,391,
5,188,
280,47,
63,283,
440,499,
264,12,
25,669,
76,151,
107,315,
612,137,
399,432,
171,5,
923,419,
25,133,
58,404,
212,147,
859,105,
128,27,
234,48,
537,207,
425,86,
290,282,
179,692,
34,244,
846,795,
69,38,
76,129,
351,203,
329,81,
211,303,
944,943,
226,227,
535,432,
750,709,
673,959,
564,242,
138,503,
349,402,
133,64,
991,312,
650,215,
267,436,
698,549,
169,116,
170,27,
796,343,
926,159,
998,24,
317,619,
450,419,
878,35,
385,994,
470,258,
873,372,
394,104,
424,170,
92,240,
101,733,
926,576,
34,113,
689,903,
689,58,
7,452,
763,577,
962,41,
563,464,
256,209,
290,206,
326,871,
317,897,
445,557,
25,543,
280,648,
273,4,
201,834,
424,839,
316,60,
115,422,
64,776,
170,36,
172,64,
145,180,
644,714,
117,307,
805,390,
993,25,
572,225,
127,657,
409,177,
352,674,
850,870,
125,142,
125,354,
545,183,
972,242,
755,38,
952,540,
142,4,
810,230,
77,606,
39,337,
672,633,
226,221,
597,460,
283,693,
352,191,
351,572,
179,60,
166,221,
30,35,
325,181,
249,223,
168,35,
800,872,
458,813,
58,664,
338,183,
759,516,
686,371,
427,282,
85,221,
356,189,
536,539,
183,133,
762,982,
699,913,
547,54,
331,852,
210,365,
387,115,
611,430,
807,980,
278,168,
374,505,
635,362,
373,528,
169,263,
548,109,
132,552,
44,82,
466,851,
914,639,
747,162,
986,935,
983,686,
419,113,
63,175,
1000,111,
339,29,
660,230,
649,246,
630,820,
645,764,
438,910,
206,201,
55,326,
19,142,
881,858,
931,248,
499,502,
280,59,
171,823,
685,845,
706,828,
816,470,
660,931,
212,128,
807,704,
47,847,
353,661,
424,589,
342,800,
813,526,
747,456,
357,91,
236,154,
906,759,
271,273,
917,200,
485,882,
274,46,
661,823,
193,462,
721,828,
166,799,
332,287,
440,64,
175,454,
468,812,
411,166,
309,471,
255,508,
221,222,
331,882,
87,545,
31,96,
377,283,
340,473,
178,679,
125,768,
540,109,
146,85,
675,258,
331,707,
559,246,
514,12,
547,374,
796,774,
218,311,
458,280,
113,556,
467,415,
29,39,
197,630,
393,957,
891,884,
337,351,
122,876,
764,1004,
473,573,
339,533,
502,407,
160,589,
623,986,
630,144,
647,948,
427,213,
70,431,
327,128,
824,306,
121,570,
487,558,
952,146,
321,283,
803,998,
21,467,
314,215,
422,87,
833,956,
167,426,
5,281,
178,194,
557,205,
720,9,
40,24,
354,278,
466,529,
940,903,
390,498,
981,113,
160,103,
530,289,
230,74,
840,276,
323,97,
405,158,
28,339,
820,420,
48,36,
145,267,
979,522,
121,86,
409,581,
14,203,
168,399,
32,165,
719,393,
166,249,
151,34,
515,6,
372,174,
317,255,
19,674,
278,257,
823,112,
167,526,
36,735,
270,909,
173,87,
362,86,
907,299,
312,473,
459,498,
249,179,
551,21,
134,133,
985,130,
738,79,
283,21,
917,626,
419,816,
533,15,
8,7,
513,531,
771,731,
113,444,
340,552,
310,78,
301,581,
18,883,
134,598,
116,987,
65,434,
166,86,
233,58,
975,147,
609,340,
56,610,
302,183,
292,264,
570,938,
444,847,
371,210,
355,580,
711,952,
237,162,
520,152,
438,39,
657,261,
252,305,
728,89,
691,286,
181,182,
72,656,
238,440,
198,129,
233,237,
474,256,
851,756,
361,114,
855,155,
443,346,
319,867,
974,408,
371,168,
93,687,
786,892,
949,541,
544,282,
364,978,
295,111,
290,86,
345,17,
536,473,
656,251,
426,955,
347,970,
167,130,
204,776,
747,615,
506,56,
395,469,
188,264,
568,426,
813,544,
367,888,
420,920,
921,570,
970,640,
434,760,
170,415,
684,0,
217,162,
883,718,
513,566,
832,586,
377,106,
297,799,
245,187,
81,137,
684,541,
273,590,
296,387,
691,381,
565,668,
353,125,
243,271,
905,332,
176,238,
744,389,
795,38,
211,121,
156,846,
213,633,
593,200,
283,234,
83,393,
170,40,
301,35,
27,93,
243,705,
91,758,
454,318,
919,316,
669,64,
832,58,
107,809,
412,137,
256,179,
139,699,
766,561,
481,63,
426,137,
62,128,
687,284,
414,370,
543,399,
1001,272,
786,680,
129,748,
589,105,
235,737,
158,572,
436,76,
545,27,
237,831,
515,440,
86,229,
400,160,
720,804,
253,409,
328,581,
711,50,
465,519,
842,252,
105,203,
584,620,
113,280,
936,860,
257,130,
241,184,
46,63,
206,290,
278,342,
128,51,
323,98,
460,462,
572,74,
922,822,
250,784,
504,341,
60,177,
643,844,
336,766,
995,371,
29,169,
366,957,
183,159,
377,982,
182,320,
367,338,
123,165,
528,167,
53,704,
373,515,
289,975,
823,740,
20,715,
211,532,
820,78,
707,177,
438,937,
280,113,
64,51,
726,496,
213,525,
631,731,
806,942,
138,254,
933,1004,
189,21,
61,393,
244,367,
734,980,
810,77,
991,302,
478,329,
359,418,
661,19,
637,628,
566,539,
493,450,
466,441,
206,266,
619,613,
301,428,
560,924,
718,418,
39,23,
201,199,
249,152,
992,238,
176,656,
385,295,
248,614,
871,231,
616,459,
712,776,
865,908,
210,693,
493,189,
1004,791,
46,216,
544,598,
19,249,
82,278,
30,62,
159,400,
327,195,
824,863,
5,232,
82,34,
473,3,
495,869,
207,764,
3,411,
836,733,
12,560,
936,175,
260,331,
64,840,
317,366,
160,717,
618,590,
164,156,
53,137,
900,987,
342,851,
533,285,
882,84,
694,830,
167,129,
412,683,
146,706,
342,84,
572,515,
323,300,
375,477,
486,362,
931,236,
340,216,
86,152,
24,40,
554,841,
165,482,
517,743,
793,613,
615,858,
323,404,
748,62,
375,282,
134,519,
723,306,
358,792,
451,55,
251,340,
93,494,
562,188,
421,365,
375,318,
438,729,
814,389,
458,582,
52,1,
298,761,
146,729,
156,232,
12,293,
395,385,
464,1001,
99,452,
897,283,
96,100,
455,470,
520,281,
214,346,
217,132,
825,301,
181,321,
86,458,
552,131,
104,393,
121,544,
332,121,
462,838,
339,586,
823,700,
290,31,
459,295,
81,20,
472,913,
313,402,
21,5,
62,107,
178,177,
93,361,
264,232,
160,237,
628,297,
667,166,
393,383,
62,454,
379,164,
805,122,
353,653,
440,365,
953,933,
62,226,
994,692,
97,313,
268,19,
80,768,
894,410,
28,537,
9,453,
816,354,
216,503,
977,227,
221,458,
295,317,
904,333,
420,641,
491,737,
199,212,
765,475,
103,321,
105,41,
257,180,
145,516,
773,351,
610,57,
409,38,
962,751,
690,626,
47,96,
547,443,
316,231,
725,209,
739,16,
856,141,
835,629,
531,106,
345,899,
125,161,
169,729,
895,392,
643,702,
116,135,
128,220,
482,78,
303,738,
464,183,
585,726,
420,137,
873,37,
841,885,
161,536,
424,448,
999,255,
133,417,
768,4,
396,540,
201,202,
747,550,
96,417,
770,577,
515,206,
133,143,
723,892,
753,721,
218,223,
171,569,
294,532,
330,555,
825,640,
58,5,
82,366,
436,192,
964,303,
267,64,
477,832,
48,113,
193,252,
494,20,
441,732,
655,458,
430,128,
631,107,
261,64,
74,311,
292,667,
419,129,
302,455,
390,295,
97,100,
78,491,
397,869,
530,293,
493,107,
69,480,
908,917,
349,239,
158,950,
903,733,
996,101,
105,283,
75,698,
678,68,
924,209,
145,42,
169,403,
97,936,
240,999,
643,324,
812,665,
715,334,
307,964,
164,724,
856,44,
4,412,
517,408,
11,133,
166,666,
226,223,
417,23,
254,79,
222,309,
181,82,
20,282,
724,866,
355,46,
938,126,
44,362,
676,68,
492,144,
296,43,
339,136,
733,306,
283,726,
96,208,
680,65,
81,166,
424,283,
798,988,
438,892,
600,401,
513,998,
353,455,
159,87,
285,208,
314,247,
171,431,
14,797,
848,183,
931,30,
149,621,
222,142,
858,117,
980,630,
474,81,
830,31,
249,366,
856,558,
483,764,
699,817,
173,301,
225,301,
373,588,
21,308,
131,283,
198,41,
678,741,
115,208,
171,172,
819,879,
86,417,
561,571,
887,541,
265,708,
341,977,
482,107,
183,486,
451,297,
218,315,
549,747,
803,505,
321,578,
90,313,
378,119,
252,272,
121,96,
340,86,
945,943,
926,460,
409,102,
882,411,
611,270,
802,703,
358,931,
259,198,
374,306,
265,555,
518,152,
31,338,
445,848,
776,41,
87,106,
68,107,
52,314,
721,225,
9,872,
348,866,
19,295,
16,269,
140,45,
121,115,
474,513,
724,77,
485,333,
208,62,
213,450,
331,73,
915,623,
988,804,
169,375,
193,800,
170,860,
275,65,
189,995,
277,218,
867,653,
954,133,
283,51,
466,607,
286,160,
655,223,
548,709,
460,6,
14,776,
417,991,
265,359,
245,301,
107,532,
286,411,
474,932,
340,160,
249,28,
260,400,
144,804,
307,123,
772,647,
175,361,
46,300,
161,745,
376,18,
356,896,
410,225,
340,143,
61,295,
21,480,
344,431,
925,847,
448,334,
252,83,
131,775,
216,521,
694,77,
826,565,
470,151,
127,160,
971,10,
300,720,
235,956,
184,6,
166,74,
226,686,
958,983,
587,536,
414,903,
163,420,
558,685,
446,350,
629,888,
82,438,
518,85,
150,191,
244,615,
6,134,
71,433,
523,464,
155,153,
673,360,
563,522,
339,308,
499,264,
811,761,
472,720,
342,257,
328,216,
29,193,
128,474,
620,78,
187,42,
287,981,
5,106,
199,176,
547,417,
87,967,
229,84,
206,472,
339,79,
182,283,
936,284,
278,157,
5,411,
128,529,
961,743,
415,281,
863,762,
906,728,
19,121,
100,168,
353,86,
615,173,
623,443,
499,876,
926,963,
439,679,
847,385,
155,228,
382,443,
155,414,
535,8,
971,196,
887,25,
124,97,
321,767,
221,17,
135,455,
337,548,
541,819,
538,474,
849,6,
546,518,
7,249,
31,726,
329,576,
329,249,
182,869,
423,933,
158,62,
896,125,
834,392,
606,15,
381,948,
351,277,
327,820,
980,787,
318,836,
755,49,
593,795,
285,174,
2,336,
87,473,
422,546,
485,48,
478,183,
346,216,
648,848,
173,326,
754,555,
73,74,
191,214,
45,282,
234,145,
92,90,
455,960,
196,206,
615,492,
923,690,
377,189,
695,227,
471,271,
339,38,
391,521,
311,413,
283,594,
35,5,
280,116,
338,115,
421,1001,
621,633,
411,405,
283,249,
810,296,
776,820,
453,932,
247,640,
388,296,
909,144,
867,935,
11,555,
510,9,
170,495,
687,430,
37,86,
418,160,
344,1001,
328,606,
12,267,
15,174,
11,434,
34,39,
514,829,
244,829,
973,884,
236,631,
569,19,
303,984,
656,236,
13,210,
268,122,
287,808,
525,265,
238,788,
949,868,
177,13,
434,412,
828,896,
400,86,
54,132,
401,204,
189,335,
366,131,
38,30,
255,371,
249,404,
107,222,
76,485,
860,647,
463,813,
115,883,
85,159,
961,371,
249,12,
438,251,
290,145,
226,228,
81,952,
549,778,
451,141,
74,800,
333,153,
177,86,
263,82,
518,699,
29,25,
129,44,
245,47,
141,51,
177,0,
266,54,
417,116,
588,392,
508,10,
323,185,
265,804,
129,789,
965,62,
251,1002,
676,172,
708,929,
201,300,
328,375,
757,244,
595,45,
500,446,
142,375,
194,192,
114,442,
612,356,
299,16,
227,81,
302,333,
425,217,
27,221,
38,903,
57,683,
759,472,
377,505,
266,919,
264,570,
322,461,
772,864,
402,724,
766,359,
302,582,
960,771,
444,533,
1003,117,
484,86,
283,142,
533,320,
21,728,
136,380,
85,1,
434,303,
928,689,
502,161,
486,44,
807,672,
187,396,
750,354,
646,632,
123,31,
827,95,
43,407,
377,381,
116,787,
462,411,
14,486,
306,107,
290,484,
253,162,
265,296,
23,160,
606,566,
802,172,
963,473,
41,593,
682,556,
527,670,
211,48,
107,71,
802,596,
169,33,
453,283,
17,474,
245,631,
47,116,
612,217,
31,337,
931,243,
712,35,
165,844,
434,63,
23,151,
682,482,
333,5,
457,526,
480,108,
971,584,
49,259,
128,720,
459,507,
26,442,
576,614,
304,425,
333,329,
982,668,
458,5,
174,998,
621,180,
969,283,
160,230,
320,61,
66,480,
458,62,
618,35,
735,17,
271,272,
823,815,
750,520,
345,256,
314,225,
333,895,
420,105,
367,30,
415,411,
201,167,
77,539,
865,350,
553,955,
160,404,
485,742,
504,499,
766,521,
160,550,
332,523,
939,263,
87,974,
199,375,
425,421,
341,734,
338,434,
927,811,
86,280,
482,143,
974,917,
615,21,
282,283,
776,130,
376,724,
506,699,
82,495,
992,622,
17,386,
970,829,
201,133,
19,265,
421,434,
472,547,
763,283,
210,105,
429,258,
29,36,
339,35,
261,938,
187,721,
650,947,
251,121,
108,143,
319,86,
541,885,
209,126,
699,814,
250,158,
417,455,
356,69,
455,318,
513,226,
527,215,
819,288,
180,262,
57,176,
157,347,
377,352,
53,129,
157,61,
116,860,
48,165,
740,182,
721,305,
494,371,
231,553,
747,107,
173,553,
360,351,
169,638,
253,106,
518,771,
994,879,
281,520,
284,879,
685,63,
508,57,
105,360,
269,592,
86,55,
590,108,
32,312,
197,337,
15,428,
80,196,
19,141,
84,113,
137,571,
87,546,
63,3,
944,897,
947,34,
60,219,
937,412,
292,47,
598,396,
590,628,
508,980,
521,134,
24,169,
64,91,
964,132,
405,81,
170,16,
848,666,
246,44,
913,956,
185,124,
974,214,
719,351,
571,666,
282,16,
280,515,
932,249,
784,912,
585,303,
203,99,
101,380,
92,420,
148,509,
502,58,
532,61,
86,1004,
443,599,
493,486,
666,540,
105,423,
971,184,
275,123,
229,31,
624,377,
63,28,
163,167,
845,685,
145,333,
186,665,
189,527,
374,166,
786,407,
492,612,
434,187,
549,316,
597,79,
62,430,
444,277,
100,323,
107,68,
343,239,
42,751,
181,385,
402,301,
237,209,
113,914,
329,160,
926,143,
786,880,
52,103,
198,51,
94,199,
942,415,
509,68,
282,780,
778,85,
419,79,
128,166,
430,1001,
492,256,
165,338,
90,435,
329,91,
118,934,
300,719,
278,621,
601,283,
502,90,
210,158,
247,625,
929,801,
124,640,
405,401,
584,903,
68,795,
117,287,
493,290,
232,156,
401,78,
574,531,
275,511,
106,462,
118,984,
169,816,
58,13,
638,210,
486,165,
612,18,
209,348,
809,552,
366,317,
693,775,
173,98,
359,520,
535,833,
289,939,
79,446,
82,17,
833,603,
532,861,
405,42,
892,321,
546,462,
116,79,
576,181,
87,105,
276,120,
546,954,
185,290,
182,302,
303,571,
24,312,
198,387,
129,280,
60,57,
30,128,
806,543,
116,38,
557,117,
669,287,
870,157,
86,41,
940,652,
37,33,
46,592,
634,336,
662,490,
160,666,
337,153,
638,640,
84,606,
722,98,
71,779,
344,191,
370,292,
110,506,
51,457,
936,964,
968,549,
400,597,
351,5,
181,61,
828,698,
983,208,
494,554,
5,452,
766,919,
653,63,
461,754,
215,1,
371,351,
821,97,
254,367,
265,215,
713,372,
166,127,
42,492,
411,208,
54,552,
129,188,
141,327,
288,613,
858,830,
366,683,
631,434,
121,353,
79,77,
957,560,
375,476,
526,900,
970,803,
160,68,
250,368,
492,518,
88,95,
300,794,
753,68,
252,833,
173,728,
285,698,
782,921,
894,204,
9,573,
264,569,
791,274,
389,64,
191,282,
114,925,
257,516,
420,21,
400,782,
526,403,
13,244,
379,104,
473,926,
576,569,
210,174,
811,841,
191,346,
187,184,
223,624,
580,358,
640,97,
597,20,
554,777,
107,704,
582,774,
36,824,
63,473,
720,551,
812,877,
531,53,
681,160,
598,900,
444,953,
964,377,
558,155,
813,585,
255,434,
136,41,
41,212,
13,209,
344,359,
311,107,
354,323,
170,152,
474,612,
308,66,
490,892,
524,997,
361,113,
282,45,
184,862,
814,13,
424,274,
910,946,
173,10,
117,464,
283,365,
549,287,
146,607,
493,909,
809,58,
170,133,
249,747,
788,528,
149,299,
881,701,
856,107,
488,141,
27,494,
94,177,
5,64,
643,85,
548,278,
805,144,
467,459,
66,931,
237,168,
356,405,
471,416,
142,833,
190,121,
83,601,
514,91,
212,683,
138,616,
335,495,
318,86,
214,352,
922,671,
971,232,
226,366,
821,281,
130,918,
96,881,
188,420,
404,896,
366,183,
663,974,
788,476,
215,188,
877,225,
537,381,
62,30,
778,275,
557,51,
600,585,
160,193,
405,308,
698,59,
121,174,
199,820,
642,21,
996,677,
17,166,
53,103,
543,450,
84,443,
205,917,
818,171,
120,280,
721,264,
173,405,
813,914,
333,486,
256,991,
362,820,
546,615,
741,138,
411,342,
776,203,
28,367,
690,667,
834,95,
400,351,
116,329,
78,452,
5,305,
588,487,
922,679,
211,695,
560,316,
682,715,
114,116,
710,953,
594,377,
789,648,
349,25,
32,315,
100,264,
144,139,
422,21,
227,961,
371,99,
83,747,
899,483,
477,841,
168,14,
415,15,
206,932,
677,215,
14,147,
412,859,
673,296,
988,496,
44,555,
310,764,
847,129,
541,479,
160,493,
37,495,
879,170,
478,176,
94,593,
106,183,
146,517,
404,641,
113,547,
124,424,
59,6,
346,345,
86,518,
82,489,
37,29,
553,362,
106,405,
21,42,
745,221,
406,376,
925,205,
171,40,
389,501,
27,165,
104,565,
971,2,
923,770,
870,604,
901,974,
295,313,
419,843,
498,58,
549,274,
248,752,
733,327,
988,729,
383,30,
376,157,
254,531,
508,826,
434,531,
556,531,
112,748,
362,506,
458,405,
32,533,
940,207,
298,246,
484,282,
954,185,
171,847,
543,16,
633,353,
428,429,
622,81,
490,986,
802,862,
764,420,
538,401,
183,152,
313,245,
61,306,
185,101,
107,518,
881,968,
716,930,
540,874,
819,628,
265,161,
303,128,
17,340,
641,541,
533,572,
248,696,
37,26,
513,906,
20,480,
303,371,
56,63,
717,176,
321,389,
345,890,
443,85,
745,438,
213,8,
164,174,
525,984,
875,854,
132,491,
154,363,
885,505,
18,223,
888,917,
379,320,
111,2,
363,498,
750,423,
801,919,
941,967,
390,181,
134,482,
1003,632,
249,81,
263,531,
256,855,
944,821,
170,115,
580,966,
359,781,
434,115,
446,139,
728,341,
736,306,
179,15,
223,366,
48,731,
616,320,
569,737,
64,42,
79,531,
194,132,
12,62,
669,577,
25,515,
88,302,
645,231,
174,880,
211,62,
51,375,
571,329,
166,28,
486,94,
2,628,
63,696,
956,846,
369,963,
935,192,
425,150,
129,221,
116,455,
41,434,
559,283,
202,582,
130,217,
721,637,
833,394,
340,881,
212,174,
102,743,
121,215,
859,991,
124,371,
29,718,
283,354,
504,525,
386,676,
417,895,
343,345,
249,676,
294,346,
108,476,
262,377,
516,915,
692,898,
576,670,
65,219,
355,575,
468,960,
441,435,
262,467,
87,552,
420,186,
833,238,
550,100,
217,222,
121,191,
549,671,
204,716,
864,439,
103,124,
920,841,
451,802,
361,27,
113,726,
329,46,
772,260,
158,137,
302,123,
408,241,
375,108,
142,938,
574,866,
544,607,
258,112,
874,615,
358,531,
113,23,
958,685,
529,496,
434,35,
213,707,
636,654,
37,588,
949,825,
178,967,
977,672,
250,546,
57,88,
115,812,
369,666,
513,21,
820,828,
642,443,
350,341,
379,192,
104,394,
303,814,
434,203,
980,754,
96,47,
18,295,
462,635,
6,56,
339,115,
300,828,
210,901,
404,709,
405,596,
484,515,
973,116,
88,363,
198,776,
656,97,
292,716,
62,377,
412,55,
365,885,
775,24,
393,385,
609,269,
682,966,
160,188,
494,106,
279,160,
404,768,
379,380,
424,260,
458,872,
990,368,
163,858,
693,336,
409,396,
206,16,
196,231,
513,377,
379,71,
700,166,
160,352,
860,1002,
80,28,
140,64,
3,210,
892,896,
674,7,
604,903,
761,70,
58,162,
818,706,
218,222,
929,592,
688,338,
537,366,
5,496,
522,991,
415,512,
332,608,
971,973,
496,451,
601,101,
50,333,
858,545,
358,161,
355,265,
498,777,
120,681,
479,623,
225,479,
58,138,
259,397,
247,246,
115,417,
322,334,
419,211,
88,904,
61,389,
96,631,
666,951,
621,576,
237,963,
305,243,
519,490,
282,932,
38,258,
496,472,
62,151,
561,346,
164,748,
135,286,
930,871,
951,777,
881,322,
268,537,
513,272,
767,234,
58,81,
11,211,
513,811,
89,82,
289,217,
775,104,
363,296,
346,203,
379,618,
107,106,
116,960,
154,474,
285,252,
448,629,
1003,346,
549,473,
192,75,
563,561,
200,120,
471,255,
824,598,
958,464,
450,534,
538,960,
202,677,
324,19,
856,189,
337,437,
690,790,
132,532,
799,775,
272,448,
53,131,
215,440,
0,238,
35,473,
91,134,
566,57,
238,211,
548,788,
251,687,
62,129,
14,512,
702,490,
113,32,
221,248,
893,77,
374,501,
242,243,
309,492,
530,704,
171,113,
812,428,
55,107,
200,199,
378,403,
282,895,
299,184,
633,749,
48,878,
104,100,
773,364,
271,252,
59,305,
405,174,
732,221,
307,226,
42,245,
377,745,
46,174,
422,647,
481,59,
178,667,
846,478,
390,489,
645,211,
407,566,
883,12,
334,982,
144,550,
40,847,
74,309,
53,61,
160,35,
91,212,
461,176,
440,426,
777,554,
274,160,
437,547,
815,162,
23,964,
608,76,
160,58,
799,419,
809,472,
223,87,
300,593,
398,1004,
280,922,
106,356,
23,464,
474,13,
655,239,
878,247,
502,39,
418,6,
883,460,
952,590,
172,377,
129,371,
180,249,
124,708,
402,471,
756,1,
282,299,
496,530,
404,100,
292,325,
114,165,
169,114,
259,173,
876,865,
371,51,
784,929,
284,277,
345,100,
64,644,
556,445,
638,337,
0,342,
544,698,
183,242,
939,226,
445,531,
637,650,
129,165,
82,169,
326,190,
760,546,
35,700,
86,601,
748,106,
698,738,
34,588,
920,911,
666,19,
96,136,
556,863,
5,726,
1001,411,
82,748,
479,427,
25,198,
933,89,
338,860,
143,51,
252,303,
475,937,
963,240,
366,372,
681,284,
740,12,
810,807,
42,343,
469,143,
131,126,
280,542,
52,420,
328,561,
993,868,
84,50,
155,37,
169,860,
157,798,
101,609,
36,995,
348,191,
287,969,
160,506,
346,696,
758,965,
225,226,
91,90,
27,545,
121,433,
109,49,
509,260,
427,398,
568,878,
910,107,
518,552,
331,19,
286,56,
165,364,
93,169,
821,138,
474,847,
607,885,
915,922,
106,518,
783,654,
255,242,
423,176,
661,754,
142,172,
339,169,
502,499,
154,29,
211,408,
707,247,
389,953,
952,710,
593,907,
451,575,
268,186,
411,375,
625,918,
129,484,
326,118,
687,972,
73,707,
813,714,
862,120,
815,984,
348,589,
199,278,
776,86,
499,332,
379,391,
708,108,
21,636,
537,411,
474,166,
939,405,
624,90,
870,304,
268,632,
160,191,
898,291,
607,118,
6,571,
333,113,
875,827,
73,221,
135,346,
419,554,
140,743,
127,221,
266,185,
611,904,
915,182,
28,475,
927,41,
835,525,
330,100,
388,122,
504,95,
560,224,
96,513,
635,286,
285,809,
164,204,
404,99,
732,246,
551,679,
238,210,
965,617,
731,817,
93,407,
400,134,
267,319,
379,836,
908,529,
281,4,
936,467,
494,470,
13,220,
172,168,
192,666,
149,62,
30,367,
560,106,
590,26,
155,98,
514,551,
748,300,
845,372,
803,767,
328,950,
445,830,
4,301,
424,820,
232,283,
495,500,
610,699,
570,428,
641,314,
391,668,
593,547,
38,503,
193,299,
209,845,
1,846,
642,1000,
140,322,
149,157,
327,473,
679,300,
44,459,
21,132,
103,295,
27,277,
141,265,
549,551,
393,368,
203,128,
889,507,
687,296,
186,748,
842,716,
507,170,
65,107,
494,128,
474,419,
29,24,
44,129,
837,56,
235,319,
166,82,
411,408,
359,498,
420,165,
142,88,
820,136,
970,983,
18,17,
494,152,
202,715,
504,575,
704,315,
23,87,
393,388,
300,371,
329,137,
513,306,
417,831,
317,221,
165,335,
210,434,
853,352,
295,311,
84,209,
160,303,
412,434,
706,523,
570,398,
722,542,
509,972,
979,866,
892,438,
64,309,
252,446,
163,628,
583,461,
673,209,
71,324,
201,533,
530,71,
846,74,
517,746,
309,254,
121,963,
257,114,
142,151,
212,405,
4,264,
504,502,
441,166,
889,721,
63,490,
409,443,
970,994,
275,60,
29,113,
215,314,
871,806,
86,510,
922,118,
495,36,
177,214,
720,347,
424,917,
430,360,
340,934,
82,371,
869,496,
572,812,
535,482,
183,5,
170,45,
76,389,
107,44,
367,405,
61,663,
232,473,
100,66,
707,948,
669,761,
73,166,
448,484,
84,268,
142,903,
868,594,
32,786,
17,220,
218,358,
720,498,
35,38,
549,215,
445,874,
225,86,
522,882,
525,253,
377,181,
118,513,
232,277,
345,452,
362,5,
82,215,
434,364,
233,293,
898,598,
822,465,
283,166,
157,128,
753,501,
460,635,
224,954,
231,277,
142,493,
362,202,
172,166,
314,180,
752,991,
434,647,
355,255,
909,87,
40,442,
223,758,
68,416,
523,618,
667,81,
922,560,
146,81,
529,499,
320,350,
80,106,
831,691,
630,366,
350,802,
739,561,
254,62,
252,859,
72,976,
219,153,
211,949,
386,461,
160,262,
453,799,
523,958,
279,851,
934,589,
933,114,
86,74,
593,776,
552,398,
86,421,
86,426,
951,696,
393,105,
558,708,
354,185,
419,474,
411,282,
629,777,
232,141,
380,177,
487,936,
261,115,
54,304,
358,332,
791,45,
274,140,
232,111,
166,18,
455,263,
258,698,
214,177,
219,166,
560,361,
268,340,
211,513,
0,622,
51,141,
681,651,
82,355,
91,143,
916,528,
162,393,
61,14,
280,323,
66,151,
37,338,
367,420,
531,365,
797,139,
589,459,
934,383,
222,728,
859,136,
362,466,
496,421,
352,956,
664,75,
224,221,
806,577,
393,173,
17,160,
194,462,
340,554,
862,202,
227,639,
681,197,
126,826,
367,612,
917,752,
548,405,
211,355,
932,45,
218,911,
779,820,
81,549,
301,931,
585,727,
391,198,
859,57,
307,426,
727,464,
163,615,
138,248,
187,365,
20,796,
613,537,
673,600,
261,32,
339,40,
859,234,
62,480,
411,163,
236,46,
555,715,
632,146,
52,673,
198,64,
912,580,
236,96,
333,146,
272,3,
453,189,
134,385,
371,559,
114,28,
305,252,
212,180,
332,67,
829,168,
845,953,
921,880,
164,30,
28,20,
262,215,
446,88,
119,760,
680,121,
786,714,
524,932,
290,494,
882,731,
141,602,
83,579,
198,27,
343,160,
303,46,
905,166,
163,518,
668,326,
58,1003,
409,793,
978,295,
744,686,
201,675,
116,114,
152,355,
338,256,
732,214,
84,546,
807,997,
14,51,
368,377,
303,170,
434,114,
83,166,
35,913,
218,713,
167,468,
303,356,
452,310,
714,176,
1004,404,
720,23,
160,340,
157,558,
167,182,
564,546,
82,189,
445,551,
138,160,
129,166,
366,639,
949,809,
741,810,
710,185,
59,138,
81,212,
182,308,
306,327,
526,280,
496,141,
254,665,
43,645,
816,867,
358,856,
591,756,
951,617,
61,499,
823,707,
865,331,
101,254,
254,490,
175,798,
344,767,
982,358,
966,139,
327,331,
562,568,
312,377,
128,15,
460,214,
932,981,
59,285,
100,662,
349,122,
773,136,
281,444,
663,440,
393,321,
39,883,
149,69,
396,77,
847,547,
40,547,
98,659,
96,469,
531,823,
81,28,
737,150,
950,606,
640,582,
377,382,
812,272,
336,500,
328,476,
639,865,
283,500,
198,87,
125,166,
746,413,
897,665,
361,370,
711,357,
820,900,
371,155,
70,433,
215,471,
123,366,
849,413,
84,62,
738,6,
698,465,
197,95,
210,708,
189,467,
63,971,
62,18,
314,443,
329,982,
735,996,
374,897,
723,825,
346,533,
763,188,
952,188,
51,899,
6,552,
572,434,
434,199,
288,179,
541,215,
429,216,
6,55,
5,527,
510,457,
828,974,
686,593,
949,15,
21,68,
722,272,
214,180,
668,783,
80,271,
806,44,
776,14,
339,761,
702,960,
921,690,
859,366,
805,869,
705,880,
107,80,
426,493,
113,246,
420,304,
47,940,
129,283,
370,180,
299,612,
210,233,
776,566,
213,529,
121,232,
332,38,
455,165,
127,932,
252,121,
181,231,
362,134,
276,974,
125,404,
719,397,
786,914,
121,14,
973,489,
61,396,
211,210,
948,681,
612,121,
69,325,
643,363,
193,990,
537,315,
181,386,
479,127,
678,101,
615,115,
564,402,
142,593,
79,219,
628,202,
911,577,
329,365,
573,11,
326,629,
919,443,
333,81,
963,399,
433,303,
840,862,
405,274,
198,229,
484,83,
328,143,
304,940,
597,454,
249,252,
629,941,
499,599,
128,859,
37,35,
564,63,
316,11,
419,131,
148,402,
840,543,
523,36,
170,533,
289,508,
566,141,
983,709,
371,303,
944,626,
813,611,
294,290,
853,642,
333,253,
45,15,
104,670,
74,227,
120,79,
153,932,
132,411,
180,149,
446,269,
283,121,
143,93,
544,744,
371,323,
272,889,
281,174,
471,671,
172,874,
434,165,
581,480,
189,105,
616,291,
277,485,
71,83,
26,370,
897,115,
96,333,
309,223,
349,878,
29,28,
77,159,
199,371,
917,196,
494,261,
334,540,
328,47,
355,405,
504,918,
213,26,
788,656,
530,212,
616,154,
187,418,
84,134,
645,788,
459,340,
213,857,
724,237,
292,663,
115,439,
284,157,
303,15,
897,921,
360,105,
363,577,
913,118,
510,494,
242,106,
20,42,
559,234,
945,130,
828,233,
211,364,
426,93,
252,57,
266,498,
569,8,
405,73,
77,824,
473,280,
106,68,
601,656,
852,568,
44,161,
614,131,
82,186,
651,118,
778,739,
139,274,
55,6,
24,32,
917,204,
200,596,
82,84,
972,252,
768,765,
131,54,
459,661,
209,183,
187,523,
198,866,
771,288,
459,805,
476,23,
13,177,
231,203,
108,517,
299,298,
866,462,
101,404,
932,702,
86,290,
302,96,
228,561,
519,21,
466,86,
810,301,
116,28,
271,56,
729,572,
320,319,
6,191,
773,946,
277,280,
318,938,
290,706,
393,395,
919,138,
161,661,
250,495,
4,405,
613,775,
10,922,
460,395,
218,120,
844,42,
507,322,
129,256,
85,226,
672,322,
603,229,
534,250,
462,2,
652,375,
121,116,
525,8,
209,166,
263,322,
533,213,
249,464,
121,285,
21,695,
890,931,
123,913,
690,215,
447,690,
325,355,
93,29,
427,758,
107,81,
62,230,
843,329,
521,500,
198,95,
849,698,
51,266,
601,141,
440,98,
271,459,
127,87,
461,447,
266,628,
69,967,
550,288,
258,347,
916,215,
948,978,
569,531,
754,608,
425,54,
367,128,
667,707,
62,518,
86,860,
544,542,
100,102,
269,643,
214,679,
683,692,
152,553,
434,160,
167,284,
60,391,
514,908,
457,58,
756,166,
411,116,
638,318,
648,510,
153,612,
345,930,
247,707,
265,170,
121,550,
841,719,
322,933,
601,169,
483,157,
443,437,
293,239,
665,995,
394,381,
235,158,
377,397,
206,623,
742,935,
950,913,
799,537,
139,408,
367,894,
107,281,
869,813,
290,424,
271,411,
215,942,
56,137,
290,168,
251,26,
272,637,
896,375,
474,477,
212,81,
120,372,
384,224,
212,680,
707,432,
821,768,
185,52,
44,166,
900,860,
445,473,
314,872,
966,547,
420,163,
252,880,
549,356,
96,334,
60,104,
151,24,
931,704,
409,40,
707,765,
671,375,
862,137,
60,181,
948,367,
926,541,
706,680,
323,5,
198,781,
166,142,
542,946,
82,53,
235,242,
290,211,
748,5,
499,19,
363,128,
38,568,
20,89,
282,121,
223,560,
934,596,
180,820,
86,28,
974,324,
861,74,
114,919,
794,815,
357,894,
236,298,
145,239,
233,434,
376,481,
347,348,
248,394,
717,772,
467,421,
448,410,
816,1000,
318,424,
199,917,
310,707,
515,369,
845,924,
455,114,
366,264,
352,760,
800,240,
193,575,
586,446,
622,450,
419,121,
201,5,
993,212,
253,842,
67,613,
212,288,
212,544,
644,739,
261,171,
886,217,
754,414,
64,238,
54,404,
411,57,
598,12,
961,908,
333,212,
218,482,
97,817,
245,455,
358,247,
82,420,
346,455,
49,433,
60,332,
550,211,
907,480,
341,752,
33,28,
937,108,
498,500,
556,416,
75,328,
496,107,
859,990,
11,159,
21,86,
344,874,
110,747,
349,450,
434,362,
507,264,
497,909,
636,773,
82,46,
588,518,
825,842,
283,187,
377,95,
376,299,
7,112,
926,364,
96,57,
217,612,
16,434,
62,371,
579,914,
301,857,
7,171,
670,974,
146,160,
65,840,
20,83,
190,583,
76,127,
58,142,
690,679,
209,271,
936,206,
71,84,
413,228,
466,450,
351,108,
331,29,
810,218,
107,430,
161,655,
271,669,
936,129,
84,727,
167,339,
367,28,
674,506,
837,946,
403,467,
57,285,
555,994,
184,190,
698,138,
107,36,
768,931,
754,378,
211,11,
5,157,
63,481,
366,188,
806,34,
21,137,
203,721,
452,706,
933,12,
820,336,
523,776,
465,667,
394,450,
160,529,
105,375,
248,843,
944,123,
160,430,
405,105,
961,74,
143,166,
543,291,
269,816,
870,627,
749,406,
57,481,
63,365,
382,889,
707,331,
598,179,
993,785,
839,873,
478,258,
414,267,
211,63,
336,883,
504,967,
178,214,
225,992,
35,62,
695,885,
44,213,
283,162,
103,250,
652,275,
976,989,
205,572,
512,633,
462,164,
677,217,
444,657,
840,457,
246,94,
751,749,
232,347,
19,12,
379,61,
377,94,
181,381,
331,212,
956,199,
195,552,
770,54,
546,87,
909,616,
815,932,
183,543,
791,67,
310,118,
467,93,
44,141,
174,371,
384,965,
731,195,
115,172,
285,683,
683,665,
353,99,
240,57,
60,394,
169,303,
319,496,
980,94,
175,99,
181,219,
765,703,
112,606,
920,288,
165,593,
303,58,
188,518,
802,946,
256,304,
160,355,
516,580,
375,154,
3,371,
985,133,
14,79,
344,200,
634,799,
929,227,
229,460,
141,362,
878,392,
303,411,
440,562,
266,440,
538,778,
4,134,
394,376,
38,847,
461,448,
20,188,
27,457,
734,783,
754,141,
446,969,
212,616,
464,338,
80,367,
417,631,
270,183,
579,851,
633,806,
63,419,
847,220,
243,305,
769,4,
134,196,
434,147,
88,145,
713,977,
790,721,
178,363,
455,293,
21,287,
208,253,
81,365,
859,662,
883,593,
841,860,
5,581,
167,198,
500,141,
517,105,
329,434,
121,329,
200,815,
64,183,
12,420,
798,58,
351,37,
197,245,
160,124,
409,542,
665,174,
169,115,
133,340,
249,420,
107,216,
452,700,
668,75,
173,926,
715,828,
153,859,
150,397,
873,702,
211,87,
426,297,
6,949,
471,787,
649,243,
595,791,
62,269,
418,29,
113,986,
223,948,
87,163,
516,137,
983,438,
339,261,
810,378,
259,415,
160,3,
988,176,
400,309,
932,576,
209,963,
952,28,
74,507,
54,208,
40,30,
148,668,
906,816,
419,445,
116,370,
320,679,
284,511,
411,275,
40,420,
189,377,
592,160,
436,813,
168,424,
437,27,
256,81,
417,170,
870,217,
285,774,
191,347,
346,21,
258,105,
216,272,
867,825,
169,46,
62,434,
569,141,
747,376,
766,662,
84,485,
421,765,
169,333,
323,64,
17,309,
206,7,
581,450,
149,160,
372,709,
636,228,
8,180,
418,408,
463,599,
419,607,
82,86,
149,88,
597,34,
301,939,
300,268,
160,394,
646,378,
981,919,
245,365,
808,536,
826,1001,
651,546,
121,371,
887,898,
390,271,
506,247,
300,521,
865,483,
23,422,
542,739,
252,162,
184,365,
972,291,
474,469,
342,41,
874,835,
447,361,
486,402,
530,928,
867,856,
38,47,
179,214,
132,623,
513,166,
206,364,
523,779,
563,69,
459,226,
562,535,
614,295,
441,829,
21,278,
318,160,
117,502,
636,460,
470,896,
200,287,
721,488,
153,105,
36,109,
60,393,
510,86,
252,533,
209,546,
160,165,
834,232,
424,4,
420,664,
182,872,
15,804,
760,646,
546,30,
340,497,
3,685,
250,912,
84,249,
64,229,
263,535,
409,474,
20,932,
86,368,
121,78,
118,803,
424,100,
601,580,
234,86,
213,306,
357,282,
435,201,
246,33,
785,697,
183,207,
160,67,
211,859,
448,494,
820,180,
13,98,
295,228,
233,651,
128,82,
188,589,
409,945,
410,795,
434,512,
405,19,
235,360,
316,962,
307,106,
142,180,
451,22,
542,414,
441,671,
909,932,
249,183,
610,250,
704,960,
537,389,
142,226,
340,173,
777,86,
300,173,
996,688,
338,367,
201,215,
494,879,
445,458,
222,189,
333,818,
781,941,
662,14,
129,70,
183,69,
444,47,
283,688,
368,86,
486,63,
434,167,
658,613,
213,498,
173,777,
63,477,
62,303,
204,218,
405,46,
8,525,
593,783,
377,294,
4,672,
26,551,
10,729,
420,29,
416,185,
90,62,
466,510,
174,854,
137,303,
439,378,
77,871,
267,668,
557,129,
879,747,
407,572,
74,152,
280,231,
977,163,
233,978,
241,238,
174,894,
232,486,
481,131,
209,518,
681,449,
311,1002,
1001,0,
24,375,
679,848,
403,19,
682,327,
394,286,
315,54,
861,972,
635,63,
928,700,
326,379,
650,592,
379,398,
211,215,
206,294,
91,280,
599,886,
877,969,
268,215,
543,87,
404,217,
181,395,
150,352,
427,470,
366,174,
651,697,
86,778,
732,791,
44,133,
233,19,
971,514,
437,240,
393,584,
131,823,
233,366,
281,408,
211,195,
277,289,
104,780,
623,102,
291,420,
48,427,
365,861,
161,160,
201,593,
988,450,
427,166,
177,381,
875,96,
939,1,
564,638,
285,305,
932,86,
358,9,
6,407,
31,367,
420,5,
121,852,
537,394,
581,51,
944,345,
151,753,
61,394,
900,53,
126,698,
6,598,
131,305,
813,172,
887,818,
17,495,
283,129,
823,8,
933,6,
657,1004,
790,500,
988,800,
489,771,
24,702,
606,483,
77,811,
317,416,
357,108,
501,628,
82,372,
223,72,
227,405,
251,877,
212,642,
424,326,
268,248,
58,86,
506,87,
305,352,
450,232,
602,604,
734,477,
250,802,
107,115,
191,256,
484,64,
536,230,
87,256,
364,21,
199,181,
402,568,
254,820,
306,354,
138,537,
142,41,
35,121,
869,376,
656,437,
375,66,
124,185,
481,110,
4,360,
86,100,
520,506,
220,36,
35,151,
158,236,
284,797,
820,204,
96,655,
107,129,
145,667,
166,399,
358,805,
535,684,
254,180,
476,823,
282,129,
340,280,
371,101,
16,174,
568,230,
142,896,
146,970,
24,943,
184,546,
4,18,
123,58,
210,179,
222,434,
422,131,
389,611,
546,209,
795,729,
323,99,
280,51,
619,235,
300,42,
263,455,
368,232,
824,583,
203,365,
540,689,
393,103,
401,568,
362,215,
126,281,
442,811,
793,206,
139,276,
311,184,
852,317,
113,245,
304,424,
538,306,
408,1001,
38,27,
227,540,
346,8,
325,742,
397,719,
747,366,
301,445,
321,592,
313,588,
272,694,
49,103,
812,101,
180,17,
0,734,
773,979,
295,717,
365,713,
117,538,
328,459,
12,7,
557,201,
305,880,
547,333,
513,964,
858,778,
187,459,
828,160,
820,207,
921,169,
678,698,
602,699,
859,6,
129,184,
342,483,
505,342,
46,752,
884,269,
884,967,
170,254,
824,833,
40,182,
86,10,
438,900,
277,803,
422,858,
27,437,
941,930,
770,295,
737,878,
419,592,
440,5,
129,208,
538,498,
252,309,
233,101,
128,365,
885,279,
441,249,
209,128,
752,329,
685,923,
790,488,
716,317,
827,372,
615,144,
775,390,
215,73,
174,15,
269,154,
185,709,
695,597,
232,103,
183,93,
213,173,
100,101,
991,338,
87,991,
723,764,
319,365,
398,160,
144,803,
89,423,
379,296,
665,3,
425,835,
872,813,
621,399,
640,656,
279,345,
296,328,
434,53,
605,685,
163,275,
655,183,
925,114,
358,232,
349,191,
643,48,
432,686,
339,352,
605,133,
872,895,
828,799,
494,395,
859,269,
45,954,
970,917,
276,137,
155,87,
450,482,
351,549,
682,783,
429,145,
121,282,
350,657,
106,992,
168,150,
289,327,
281,846,
978,874,
277,621,
205,980,
299,546,
729,591,
541,202,
589,607,
45,577,
193,923,
144,520,
153,723,
263,919,
892,567,
518,559,
472,4,
723,923,
851,575,
802,446,
21,105,
284,214,
234,213,
311,487,
647,677,
221,493,
5,236,
142,68,
272,812,
160,210,
290,694,
89,412,
719,517,
748,46,
579,40,
229,198,
964,651,
57,460,
116,115,
333,245,
394,262,
183,460,
451,12,
83,368,
460,615,
163,177,
585,604,
422,59,
1000,34,
422,17,
228,802,
111,814,
213,141,
84,549,
483,392,
220,23,
337,338,
349,180,
667,137,
233,235,
107,187,
191,60,
184,995,
741,461,
188,366,
420,474,
982,954,
858,569,
640,495,
610,261,
132,683,
564,304,
743,407,
687,217,
999,676,
40,37,
17,404,
40,82,
128,256,
323,124,
312,366,
363,531,
425,574,
256,1004,
343,214,
546,427,
711,663,
660,576,
562,65,
956,441,
608,549,
592,492,
333,696,
419,84,
719,199,
892,891,
912,294,
742,166,
566,43,
295,391,
234,499,
123,742,
222,86,
782,498,
189,667,
280,367,
447,140,
428,447,
647,66,
285,143,
127,315,
596,932,
886,109,
762,530,
13,409,
153,283,
862,428,
89,147,
682,456,
966,703,
373,253,
664,906,
359,238,
114,340,
799,896,
379,909,
375,661,
627,994,
579,753,
187,724,
548,110,
442,233,
233,242,
114,388,
889,627,
962,921,
856,439,
481,820,
438,151,
979,621,
11,518,
424,78,
68,121,
820,256,
262,634,
212,44,
608,724,
251,321,
58,243,
295,383,
108,356,
195,320,
856,178,
975,141,
442,785,
736,633,
75,77,
129,93,
245,855,
163,121,
652,825,
494,225,
800,57,
769,881,
364,562,
183,478,
41,165,
142,183,
417,151,
805,790,
183,913,
884,548,
504,400,
492,932,
183,367,
226,399,
433,309,
232,241,
106,184,
374,559,
99,209,
344,847,
69,299,
440,14,
119,259,
184,256,
14,178,
1,454,
255,249,
57,514,
72,693,
84,387,
209,944,
867,161,
354,664,
698,412,
33,796,
178,350,
989,329,
60,716,
274,139,
480,550,
904,7,
593,28,
746,767,
137,665,
571,693,
367,462,
96,725,
47,135,
784,20,
64,280,
36,481,
59,252,
152,333,
152,401,
149,341,
661,362,
314,18,
77,737,
87,626,
497,333,
125,848,
344,891,
549,6,
84,598,
47,79,
40,318,
644,322,
198,363,
86,58,
460,533,
406,606,
228,397,
932,567,
83,492,
236,208,
518,546,
145,121,
360,637,
541,209,
933,510,
135,579,
119,635,
174,127,
441,344,
515,876,
214,824,
879,242,
956,913,
824,7,
105,147,
789,315,
41,685,
845,630,
100,360,
160,216,
581,2,
173,269,
561,793,
3,499,
166,307,
281,932,
776,199,
381,393,
655,29,
509,232,
233,433,
147,82,
183,411,
100,185,
603,493,
976,925,
121,518,
944,163,
997,962,
339,32,
211,963,
300,218,
615,460,
811,882,
662,84,
541,91,
746,192,
418,829,
209,371,
883,165,
201,197,
523,630,
592,196,
529,213,
687,416,
128,35,
877,692,
218,308,
194,855,
790,581,
308,6,
768,404,
965,541,
249,84,
303,121,
427,989,
190,128,
526,275,
83,355,
399,787,
58,2,
506,31,
706,974,
656,957,
907,903,
44,506,
87,332,
252,408,
396,308,
342,191,
46,96,
956,11,
221,475,
286,412,
704,598,
769,537,
310,82,
443,135,
473,150,
80,663,
81,473,
1000,319,
87,615,
16,355,
355,329,
770,780,
243,239,
434,338,
935,324,
841,565,
69,473,
74,225,
422,324,
662,636,
173,126,
415,168,
822,40,
181,135,
152,166,
342,346,
114,107,
552,285,
87,304,
254,165,
656,86,
345,494,
115,84,
10,86,
932,493,
84,792,
827,303,
115,860,
333,152,
252,282,
180,687,
546,233,
407,298,
473,707,
404,107,
408,137,
984,66,
13,361,
121,752,
381,719,
127,128,
7,19,
171,817,
476,474,
69,190,
206,149,
747,494,
29,37,
499,566,
313,834,
212,64,
917,483,
908,776,
303,302,
86,30,
145,86,
555,315,
327,21,
721,288,
750,14,
836,471,
255,152,
655,148,
249,340,
145,137,
180,932,
336,41,
72,680,
303,367,
133,30,
24,588,
427,651,
15,911,
588,206,
666,130,
333,423,
121,363,
420,402,
21,92,
11,90,
342,103,
591,975,
671,752,
80,810,
261,37,
363,650,
269,166,
614,702,
922,634,
301,290,
105,371,
97,394,
195,59,
135,337,
487,661,
615,991,
353,891,
87,190,
8,286,
941,188,
28,590,
680,980,
806,57,
559,690,
445,77,
859,3,
648,652,
23,778,
869,352,
677,580,
374,328,
556,280,
211,66,
272,137,
536,189,
842,451,
630,604,
435,163,
32,654,
183,58,
859,665,
892,21,
904,185,
193,832,
984,418,
420,210,
183,215,
992,419,
660,869,
58,62,
166,393,
59,132,
290,437,
604,763,
959,694,
741,581,
237,95,
355,553,
404,15,
590,468,
984,11,
856,50,
117,1004,
263,892,
902,836,
497,78,
437,482,
885,564,
427,2,
182,1,
0,368,
786,290,
751,156,
489,106,
587,96,
116,692,
154,518,
421,350,
39,437,
10,410,
81,299,
698,867,
559,318,
953,681,
360,131,
637,858,
629,0,
937,503,
87,856,
584,994,
486,725,
5,303,
249,63,
685,56,
129,369,
894,336,
521,553,
307,200,
1003,673,
604,467,
183,155,
19,452,
277,881,
486,696,
914,921,
65,568,
153,62,
19,550,
54,89,
294,526,
341,48,
935,444,
506,348,
494,81,
56,33,
765,173,
914,582,
127,227,
283,210,
589,283,
87,269,
146,62,
991,132,
481,281,
732,418,
128,23,
146,782,
70,71,
146,102,
701,939,
859,597,
94,823,
769,628,
30,82,
633,63,
981,318,
124,812,
82,212,
375,663,
934,711,
55,768,
42,300,
323,562,
329,989,
930,710,
145,518,
455,860,
454,774,
278,347,
78,623,
107,690,
242,236,
329,357,
763,945,
187,155,
182,395,
956,732,
171,814,
218,543,
48,105,
887,376,
314,226,
332,539,
965,866,
513,382,
881,209,
5,135,
610,769,
652,776,
442,866,
353,117,
141,233,
405,161,
436,755,
6,897,
440,231,
853,735,
105,482,
905,316,
239,559,
470,366,
397,841,
487,452,
299,114,
130,986,
82,493,
811,995,
369,88,
748,704,
1,874,
123,339,
377,490,
382,67,
62,459,
465,615,
280,232,
632,966,
116,411,
182,376,
604,409,
818,578,
204,51,
552,807,
238,378,
662,97,
64,356,
558,477,
716,486,
902,196,
841,807,
177,355,
146,530,
207,332,
232,292,
159,99,
376,379,
647,256,
347,666,
529,265,
334,563,
424,80,
238,593,
246,608,
981,48,
424,62,
92,815,
253,791,
981,423,
236,672,
164,86,
473,441,
353,365,
872,232,
527,333,
511,342,
332,590,
234,233,
11,266,
17,416,
888,866,
725,581,
408,552,
92,731,
300,531,
488,760,
320,866,
181,652,
473,183,
317,845,
978,550,
494,662,
266,146,
870,583,
742,284,
434,169,
86,42,
26,824,
883,269,
221,911,
93,116,
23,171,
754,11,
317,485,
990,147,
12,367,
122,136,
677,981,
195,845,
22,19,
537,436,
820,365,
673,547,
404,269,
701,206,
107,480,
204,502,
595,334,
693,999,
537,901,
303,114,
282,163,
183,169,
94,752,
448,216,
536,743,
106,64,
690,913,
381,660,
349,347,
308,462,
171,547,
867,15,
380,596,
968,619,
102,822,
393,320,
718,79,
838,712,
741,563,
666,661,
148,280,
0,268,
200,244,
62,98,
116,753,
231,172,
714,866,
56,4,
491,61,
783,16,
245,165,
598,760,
23,830,
916,347,
166,128,
809,855,
889,470,
597,566,
104,368,
807,103,
357,356,
543,463,
21,212,
304,369,
426,51,
428,295,
183,695,
181,390,
689,762,
89,506,
82,10,
176,204,
420,63,
796,140,
542,401,
651,301,
307,822,
105,142,
185,768,
283,62,
46,236,
40,32,
749,357,
385,17,
749,480,
132,142,
604,693,
767,350,
377,907,
234,930,
722,541,
34,590,
665,411,
56,157,
122,397,
773,895,
707,73,
240,237,
179,320,
56,520,
918,776,
249,19,
856,362,
581,79,
160,180,
496,237,
966,341,
744,546,
639,485,
813,299,
401,434,
193,103,
34,946,
340,811,
621,130,
100,928,
249,169,
884,325,
94,906,
787,831,
787,173,
400,80,
861,744,
0,64,
268,108,
529,626,
964,979,
391,123,
769,134,
236,395,
4,506,
526,172,
3,252,
163,377,
36,607,
197,820,
318,361,
7,222,
529,372,
462,228,
2,131,
318,420,
165,107,
338,724,
117,211,
811,903,
555,544,
105,453,
81,256,
194,3,
254,233,
289,859,
4,256,
411,283,
53,403,
183,20,
403,788,
63,809,
116,513,
208,340,
782,273,
638,896,
720,691,
160,78,
317,310,
419,68,
662,787,
121,71,
111,683,
596,191,
853,478,
701,641,
380,182,
203,716,
223,206,
123,471,
337,364,
557,81,
679,279,
910,118,
261,151,
47,35,
309,5,
419,473,
986,627,
230,366,
187,69,
80,100,
852,46,
755,594,
7,546,
308,295,
211,475,
93,413,
841,684,
598,267,
868,323,
207,535,
711,860,
504,114,
804,674,
470,897,
760,253,
543,672,
399,566,
563,272,
231,191,
941,801,
450,493,
744,540,
314,219,
415,139,
150,295,
133,52,
504,969,
818,301,
137,829,
754,210,
112,91,
116,470,
143,474,
705,380,
371,340,
64,116,
437,816,
24,774,
83,13,
610,472,
138,59,
353,39,
514,895,
106,589,
277,232,
936,202,
822,306,
412,888,
115,280,
295,560,
665,859,
556,143,
545,473,
473,152,
927,930,
537,53,
839,738,
971,250,
377,548,
728,158,
719,570,
596,835,
376,296,
160,129,
937,404,
300,434,
858,201,
230,849,
1000,504,
981,847,
315,454,
690,400,
405,282,
367,105,
417,581,
389,612,
53,434,
131,121,
412,921,
159,242,
971,672,
446,429,
143,868,
836,890,
222,365,
355,900,
90,106,
260,140,
16,164,
106,190,
179,468,
231,122,
107,283,
121,158,
919,972,
263,414,
382,131,
962,596,
498,264,
231,201,
40,443,
626,914,
822,620,
458,114,
596,871,
375,6,
16,525,
401,664,
147,859,
494,170,
842,407,
37,32,
700,7,
128,363,
32,575,
106,454,
54,249,
577,649,
905,349,
38,163,
17,312,
105,10,
490,106,
182,103,
155,221,
300,128,
277,630,
380,615,
934,476,
83,285,
656,6,
154,922,
158,866,
339,12,
132,859,
428,235,
52,179,
176,617,
176,772,
386,361,
1001,6,
517,915,
165,645,
495,249,
950,166,
11,496,
343,820,
148,523,
560,12,
747,485,
400,260,
770,885,
995,833,
149,344,
249,184,
271,769,
904,312,
766,987,
474,434,
238,567,
900,912,
350,180,
374,441,
957,316,
351,87,
816,753,
503,537,
107,256,
842,686,
245,237,
4,114,
546,355,
263,952,
753,119,
187,932,
616,1,
268,788,
29,26,
290,210,
700,358,
16,864,
7,264,
86,430,
185,116,
467,140,
622,617,
255,424,
800,185,
95,552,
259,508,
610,56,
181,637,
963,566,
251,1003,
163,212,
97,22,
518,256,
493,254,
5,170,
116,336,
892,843,
97,371,
245,442,
274,366,
442,883,
151,494,
562,840,
402,307,
30,424,
255,42,
211,455,
74,11,
714,787,
27,135,
98,125,
762,777,
886,83,
450,600,
859,703,
23,212,
813,280,
218,589,
275,61,
147,121,
726,797,
410,490,
605,921,
507,370,
475,36,
961,43,
734,150,
674,569,
427,82,
814,343,
638,340,
581,872,
243,166,
166,19,
988,764,
280,303,
64,141,
183,353,
524,571,
844,273,
499,209,
693,60,
345,483,
438,328,
43,505,
645,529,
17,173,
243,241,
499,510,
635,346,
83,458,
252,66,
508,62,
138,199,
461,592,
279,162,
793,873,
637,268,
86,377,
772,565,
115,229,
106,819,
455,115,
121,373,
506,9,
510,830,
129,351,
860,116,
301,482,
7,414,
249,115,
333,789,
374,432,
446,628,
166,296,
284,206,
275,178,
936,14,
949,915,
308,396,
631,203,
618,995,
982,237,
671,104,
735,871,
11,300,
183,418,
28,932,
549,509,
121,324,
325,173,
404,62,
194,826,
8,804,
191,824,
162,321,
327,69,
578,6,
974,568,
602,85,
158,699,
400,106,
391,971,
639,651,
255,211,
377,278,
22,137,
368,216,
222,223,
249,253,
381,165,
389,104,
226,165,
309,567,
252,932,
682,72,
245,642,
381,515,
205,94,
67,160,
971,423,
116,128,
133,117,
445,739,
138,63,
233,166,
814,728,
782,34,
234,824,
493,585,
355,184,
300,460,
202,932,
183,430,
471,694,
162,184,
316,146,
827,162,
55,424,
647,639,
409,933,
856,573,
841,434,
560,74,
400,107,
800,830,
855,656,
475,342,
482,419,
65,64,
52,522,
321,546,
229,73,
82,180,
194,664,
777,2,
223,142,
19,379,
367,443,
28,365,
325,149,
158,396,
428,102,
394,181,
261,228,
481,208,
717,239,
215,64,
937,125,
877,81,
255,350,
408,420,
929,363,
570,279,
295,268,
47,952,
170,117,
107,429,
547,453,
31,574,
214,483,
674,991,
3,439,
393,881,
84,217,
483,377,
641,763,
140,6,
63,768,
215,66,
459,44,
307,17,
252,733,
11,106,
0,38,
107,183,
94,377,
551,422,
385,387,
138,425,
567,198,
494,268,
859,87,
409,792,
546,258,
777,503,
84,425,
392,628,
682,749,
118,326,
6,878,
573,902,
306,366,
14,793,
661,249,
234,6,
436,523,
69,667,
13,10,
361,927,
434,19,
17,723,
895,944,
820,82,
249,954,
731,632,
128,327,
209,337,
548,170,
506,913,
216,140,
471,546,
552,63,
999,970,
563,701,
262,402,
852,313,
7,608,
290,301,
299,125,
723,492,
982,382,
243,231,
773,534,
441,86,
962,781,
189,20,
508,184,
373,184,
89,552,
615,244,
322,335,
414,952,
63,255,
534,605,
542,513,
83,121,
695,405,
129,391,
414,402,
114,255,
56,736,
377,149,
50,858,
368,429,
281,552,
81,570,
448,980,
241,21,
657,122,
298,99,
569,9,
260,239,
520,21,
956,803,
201,41,
962,614,
223,306,
116,183,
941,574,
1004,579,
142,667,
61,264,
812,215,
45,405,
434,474,
32,33,
68,679,
20,28,
438,338,
243,210,
909,546,
172,292,
337,169,
504,840,
546,23,
44,105,
669,944,
268,222,
119,669,
126,286,
421,525,
236,240,
210,132,
288,433,
253,236,
176,390,
375,961,
389,13,
202,714,
200,338,
882,655,
904,936,
264,579,
2,803,
105,170,
192,277,
977,446,
216,164,
467,912,
867,313,
927,562,
51,601,
405,245,
733,486,
451,924,
710,55,
547,509,
340,82,
427,169,
520,252,
222,578,
783,120,
229,48,
556,725,
666,624,
900,455,
723,953,
91,108,
823,496,
173,340,
675,685,
173,434,
732,525,
425,889,
393,442,
520,750,
850,793,
498,441,
595,619,
107,495,
364,64,
173,690,
494,168,
809,366,
987,36,
346,342,
916,612,
244,678,
668,359,
231,167,
134,354,
51,415,
662,275,
23,442,
36,652,
247,389,
35,350,
300,800,
16,106,
577,506,
364,598,
461,772,
225,120,
776,222,
956,9,
277,203,
29,38,
5,154,
737,553,
503,303,
513,268,
774,661,
115,62,
152,719,
124,706,
146,18,
44,374,
340,848,
132,75,
63,625,
371,132,
363,329,
46,132,
831,531,
198,207,
673,50,
636,176,
94,294,
417,339,
495,21,
54,917,
30,744,
537,418,
253,607,
390,336,
453,344,
579,929,
152,395,
787,160,
443,976,
932,427,
41,801,
724,756,
42,653,
811,62,
195,516,
832,102,
200,776,
210,169,
82,445,
127,22,
890,38,
881,457,
360,226,
684,506,
128,36,
895,227,
338,561,
499,602,
429,140,
842,82,
280,424,
668,883,
121,542,
263,897,
365,483,
63,137,
497,348,
964,1000,
698,146,
527,534,
780,37,
209,137,
283,86,
748,172,
526,426,
797,528,
513,396,
575,398,
343,107,
371,160,
989,244,
480,390,
392,86,
71,432,
289,230,
80,357,
820,733,
603,825,
815,80,
48,361,
145,188,
902,446,
637,84,
493,531,
183,351,
786,815,
107,265,
166,147,
924,122,
339,188,
416,812,
168,372,
283,848,
315,575,
303,300,
748,283,
921,506,
260,292,
48,793,
971,722,
482,438,
377,280,
37,496,
58,950,
886,273,
452,141,
216,429,
3,412,
205,948,
776,940,
685,539,
82,356,
745,647,
35,847,
244,746,
703,124,
564,359,
411,39,
133,820,
745,488,
865,830,
169,992,
823,747,
142,44,
417,361,
189,549,
138,435,
366,230,
577,75,
847,40,
531,526,
989,469,
548,440,
123,114,
434,99,
271,412,
306,531,
931,340,
133,114,
13,2,
132,211,
495,222,
184,969,
210,43,
280,53,
516,454,
996,937,
868,269,
993,259,
149,55,
419,766,
355,210,
791,493,
465,791,
443,267,
128,1,
293,8,
206,117,
214,953,
990,36,
26,356,
249,67,
145,20,
364,965,
182,769,
489,528,
788,352,
174,210,
232,804,
658,456,
405,333,
87,654,
865,808,
697,612,
359,951,
424,495,
352,571,
293,530,
550,106,
168,761,
340,694,
160,892,
302,508,
527,435,
169,30,
191,645,
126,412,
589,552,
59,495,
208,63,
47,210,
61,250,
86,36,
173,883,
249,106,
21,671,
735,705,
156,499,
99,784,
366,184,
592,140,
160,221,
137,56,
491,548,
377,918,
939,849,
452,43,
211,329,
848,195,
325,816,
367,169,
836,523,
255,970,
221,282,
124,986,
451,566,
211,546,
670,307,
601,523,
549,459,
166,252,
960,884,
803,743,
443,547,
542,745,
603,715,
549,678,
168,600,
521,626,
221,0,
726,5,
2,57,
212,142,
946,406,
810,715,
0,283,
221,627,
34,673,
722,597,
676,268,
19,692,
339,337,
27,370,
917,974,
922,908,
792,827,
417,632,
685,53,
436,330,
291,93,
165,31,
958,980,
568,357,
41,318,
922,79,
5,271,
143,405,
223,106,
177,67,
105,44,
779,247,
458,492,
357,340,
949,698,
779,580,
107,45,
799,189,
607,579,
709,479,
769,440,
135,36,
761,143,
325,679,
412,56,
280,87,
65,0,
583,825,
295,343,
683,18,
44,967,
359,504,
393,443,
409,325,
968,901,
143,601,
720,47,
67,662,
869,26,
820,62,
6,473,
381,377,
179,339,
334,593,
923,825,
323,3,
698,151,
324,305,
47,76,
478,13,
581,668,
271,256,
632,331,
42,149,
338,515,
562,183,
345,792,
770,260,
257,839,
174,233,
520,552,
857,761,
420,296,
525,33,
19,957,
172,444,
81,62,
572,47,
6,481,
838,606,
809,131,
2,193,
278,320,
487,664,
520,982,
207,95,
283,405,
471,160,
231,434,
982,354,
62,206,
434,548,
419,371,
305,481,
67,594,
825,350,
115,533,
947,238,
160,468,
290,340,
107,837,
349,5,
158,84,
543,105,
326,427,
440,349,
80,456,
434,148,
100,367,
548,62,
58,462,
999,908,
314,218,
296,397,
561,522,
438,86,
781,678,
183,385,
393,145,
494,686,
654,640,
301,474,
438,27,
450,851,
211,170,
444,113,
869,575,
737,531,
762,716,
810,597,
192,4,
845,496,
705,450,
586,221,
816,940,
636,604,
366,152,
333,460,
53,440,
722,758,
30,417,
194,63,
498,602,
197,27,
343,459,
60,232,
86,196,
525,266,
211,961,
270,647,
643,43,
976,5,
725,624,
390,320,
177,221,
680,704,
724,446,
317,1,
908,201,
494,212,
7,500,
106,28,
21,434,
100,820,
389,68,
103,56,
743,981,
453,960,
61,537,
917,197,
795,670,
217,654,
928,117,
549,321,
576,291,
13,839,
937,951,
779,887,
154,161,
58,518,
54,305,
74,331,
89,794,
66,371,
803,63,
203,323,
180,256,
465,46,
173,932,
160,685,
756,763,
459,579,
826,887,
31,82,
300,419,
622,920,
327,160,
156,377,
295,398,
461,858,
903,393,
223,117,
140,804,
222,219,
7,12,
159,727,
153,142,
602,204,
26,99,
833,856,
165,816,
157,469,
181,172,
845,481,
14,289,
803,43,
991,802,
811,69,
423,13,
305,517,
249,17,
524,748,
4,345,
784,902,
181,526,
443,238,
408,3,
619,897,
506,362,
512,125,
395,591,
932,289,
830,540,
425,659,
708,268,
908,551,
341,487,
8,732,
792,957,
653,934,
109,774,
714,987,
206,307,
765,857,
318,114,
527,158,
921,285,
344,7,
926,237,
562,440,
360,556,
321,136,
797,463,
597,195,
283,666,
254,924,
160,445,
866,902,
487,231,
472,429,
371,360,
917,514,
258,142,
777,91,
134,894,
350,377,
158,864,
2,440,
242,62,
698,55,
237,684,
17,493,
906,43,
127,653,
349,17,
409,450,
229,64,
164,535,
121,494,
278,128,
932,748,
441,404,
75,737,
341,496,
932,163,
327,249,
130,694,
86,536,
808,252,
176,177,
124,45,
28,25,
102,993,
101,98,
849,463,
101,125,
215,407,
561,564,
434,625,
671,582,
494,474,
224,805,
329,902,
130,160,
886,812,
472,877,
684,299,
254,84,
462,658,
453,811,
175,456,
978,478,
810,786,
56,138,
191,681,
494,27,
333,601,
826,921,
83,612,
249,83,
59,582,
866,162,
532,232,
451,468,
389,395,
104,905,
441,434,
348,202,
234,829,
182,393,
129,1003,
949,526,
427,64,
518,121,
450,64,
245,979,
667,945,
469,258,
218,18,
302,288,
323,223,
55,166,
438,106,
178,232,
558,413,
803,202,
197,330,
223,309,
709,310,
86,498,
537,473,
681,350,
925,116,
971,975,
169,80,
256,186,
350,94,
457,322,
513,232,
35,25,
183,705,
379,387,
491,695,
667,37,
18,86,
94,955,
240,159,
107,79,
160,162,
644,5,
412,90,
797,383,
566,317,
832,806,
422,99,
624,872,
133,27,
281,654,
115,443,
599,92,
565,430,
370,25,
340,128,
292,108,
878,729,
74,307,
121,117,
16,264,
700,324,
268,753,
772,582,
455,898,
588,169,
290,567,
107,355,
692,464,
82,279,
2,107,
219,727,
418,323,
41,133,
623,611,
84,932,
926,534,
420,301,
256,518,
88,328,
160,27,
385,296,
302,145,
35,438,
69,550,
58,105,
429,933,
442,514,
133,201,
82,41,
959,905,
59,412,
155,1,
863,271,
81,935,
142,248,
516,601,
959,923,
473,114,
290,143,
114,486,
571,486,
317,486,
211,419,
304,925,
842,392,
312,41,
511,595,
339,240,
373,127,
569,224,
137,663,
478,652,
588,73,
410,938,
1003,189,
137,246,
168,114,
170,748,
240,236,
852,353,
643,859,
3,192,
147,140,
295,210,
474,690,
761,608,
775,997,
518,86,
594,382,
269,162,
107,828,
163,115,
270,673,
130,434,
972,524,
411,498,
176,129,
296,601,
396,359,
373,197,
404,601,
292,521,
373,240,
231,168,
326,403,
592,929,
110,573,
179,377,
74,513,
273,364,
720,358,
450,329,
380,387,
262,453,
860,311,
367,748,
385,201,
46,139,
265,498,
81,16,
578,356,
892,73,
417,342,
956,684,
223,105,
263,438,
274,21,
880,859,
993,951,
173,462,
35,157,
145,434,
550,1004,
677,34,
856,374,
253,509,
11,358,
706,290,
840,907,
169,871,
45,892,
105,183,
973,879,
466,141,
971,169,
394,857,
983,310,
131,2,
58,111,
883,711,
127,318,
114,375,
928,165,
128,30,
113,1000,
371,89,
323,642,
393,49,
338,229,
121,859,
824,657,
234,69,
5,688,
233,244,
843,47,
550,34,
167,122,
495,129,
648,681,
128,340,
255,169,
51,93,
14,450,
93,336,
43,295,
489,229,
138,126,
478,10,
987,664,
209,237,
66,900,
537,750,
548,283,
809,465,
371,261,
233,689,
929,719,
374,628,
330,625,
887,836,
316,756,
265,323,
376,941,
777,259,
535,851,
561,530,
264,61,
607,381,
301,184,
47,220,
214,251,
2,54,
83,445,
391,187,
473,188,
369,303,
20,173,
131,734,
286,636,
630,10,
514,1001,
498,529,
539,1000,
151,361,
56,863,
333,121,
577,547,
171,64,
923,198,
121,19,
493,172,
927,134,
434,368,
181,320,
243,736,
255,283,
388,266,
5,644,
741,44,
338,219,
818,92,
167,95,
918,95,
170,638,
918,35,
211,560,
7,720,
647,600,
323,8,
673,376,
297,74,
342,94,
277,303,
316,221,
64,331,
12,573,
7,8,
409,776,
133,333,
831,823,
13,390,
816,921,
183,212,
466,8,
494,571,
655,28,
198,204,
631,817,
605,269,
812,448,
568,952,
876,60,
646,135,
75,437,
407,67,
527,854,
482,289,
498,44,
114,966,
256,4,
493,282,
862,377,
558,879,
272,269,
353,709,
249,131,
833,7,
544,888,
794,63,
579,222,
654,133,
368,387,
86,997,
279,957,
777,173,
726,98,
863,63,
373,202,
83,450,
182,602,
977,140,
40,824,
657,351,
907,158,
599,447,
349,637,
637,806,
409,225,
933,23,
83,657,
417,210,
152,789,
624,239,
530,856,
26,624,
789,861,
220,999,
596,59,
264,358,
204,203,
731,593,
159,240,
451,452,
135,339,
543,493,
571,524,
329,300,
141,856,
290,563,
65,794,
658,333,
171,261,
787,685,
149,150,
371,288,
115,513,
428,139,
953,590,
340,547,
241,432,
280,146,
667,519,
305,35,
531,985,
123,155,
698,425,
813,533,
907,703,
379,913,
249,355,
424,483,
176,200,
999,923,
276,158,
125,487,
531,183,
301,157,
283,3,
564,338,
868,947,
564,686,
1002,214,
172,820,
107,375,
908,206,
333,455,
283,132,
419,172,
243,466,
431,776,
763,25,
106,11,
115,546,
305,408,
30,1004,
117,755,
401,32,
338,708,
579,167,
518,16,
510,12,
542,701,
84,615,
683,918,
105,518,
409,457,
236,249,
249,462,
798,223,
622,120,
480,866,
442,605,
890,793,
572,294,
946,503,
905,723,
348,641,
171,590,
738,21,
932,174,
480,362,
147,254,
762,609,
649,976,
493,568,
695,240,
533,280,
367,340,
577,518,
321,377,
181,393,
320,434,
682,975,
129,998,
922,378,
906,156,
839,864,
204,820,
337,595,
160,371,
717,284,
13,840,
83,255,
646,460,
935,215,
917,713,
283,137,
358,11,
714,129,
118,463,
929,15,
958,962,
31,534,
96,234,
351,723,
979,531,
329,286,
871,129,
173,723,
301,113,
679,925,
812,126,
502,27,
754,466,
764,94,
153,385,
455,973,
318,391,
440,754,
895,541,
28,877,
221,932,
30,864,
1002,233,
355,857,
997,1000,
113,160,
351,95,
803,990,
408,832,
434,283,
170,5,
976,847,
672,487,
402,795,
478,365,
183,64,
577,607,
602,180,
940,886,
85,10,
814,944,
552,13,
836,229,
9,69,
59,5,
668,12,
334,462,
832,2,
181,342,
159,860,
73,223,
384,872,
494,165,
983,437,
836,873,
879,133,
375,121,
38,48,
872,372,
137,46,
362,12,
880,377,
269,322,
14,390,
571,705,
409,2,
767,541,
332,359,
660,133,
160,663,
108,301,
470,8,
204,205,
878,962,
541,637,
160,275,
930,504,
785,421,
461,815,
509,978,
829,993,
190,16,
369,4,
569,356,
83,979,
469,966,
191,630,
949,511,
956,683,
301,118,
809,88,
97,124,
893,632,
214,970,
165,212,
195,197,
450,342,
269,282,
28,31,
5,237,
296,3,
548,143,
19,62,
470,270,
295,382,
440,178,
511,524,
409,227,
982,417,
521,602,
94,494,
788,725,
564,303,
332,901,
190,189,
109,51,
743,82,
38,768,
83,511,
305,271,
564,294,
303,304,
0,266,
560,330,
116,953,
886,384,
188,140,
850,844,
66,67,
107,163,
246,170,
680,281,
160,405,
495,377,
7,374,
738,484,
808,928,
624,941,
155,104,
963,301,
399,376,
166,380,
386,426,
13,69,
485,964,
354,242,
143,86,
34,446,
674,543,
430,12,
223,152,
531,48,
169,135,
172,51,
64,157,
607,255,
735,100,
716,728,
755,797,
21,314,
544,964,
185,246,
859,243,
114,326,
302,238,
714,856,
422,424,
582,730,
491,490,
415,1003,
63,984,
631,185,
3,256,
48,907,
822,904,
747,249,
546,184,
914,900,
366,440,
705,79,
528,911,
471,890,
225,156,
404,422,
86,85,
17,228,
63,54,
366,356,
160,245,
469,411,
165,999,
155,173,
851,191,
95,119,
320,103,
5,89,
845,878,
81,254,
336,92,
704,811,
704,940,
234,256,
236,244,
77,79,
231,280,
452,661,
146,944,
101,930,
420,362,
68,86,
107,434,
183,113,
327,678,
165,135,
820,208,
165,32,
885,153,
508,576,
163,934,
761,16,
690,107,
470,455,
86,177,
265,544,
715,150,
107,169,
533,194,
46,1004,
331,773,
163,160,
165,142,
40,477,
212,462,
608,61,
449,698,
299,418,
246,492,
201,399,
438,145,
452,487,
366,915,
906,775,
68,494,
778,624,
309,808,
880,164,
318,338,
434,258,
157,213,
496,560,
411,455,
256,31,
128,155,
301,294,
91,504,
955,820,
551,1,
226,943,
932,3,
19,549,
963,159,
477,401,
155,395,
531,565,
815,455,
22,21,
338,62,
145,166,
181,103,
421,322,
272,219,
437,436,
1000,166,
263,686,
731,445,
290,493,
845,921,
828,720,
456,920,
506,500,
47,109,
272,63,
155,285,
938,696,
894,687,
263,274,
41,579,
860,753,
495,679,
367,495,
638,757,
563,584,
628,602,
283,329,
1002,479,
350,314,
200,593,
19,700,
247,23,
31,427,
143,894,
462,465,
87,280,
860,455,
427,96,
638,300,
515,28,
323,132,
83,366,
174,10,
5,42,
569,647,
151,788,
517,886,
197,65,
422,163,
234,166,
480,667,
865,894,
295,396,
408,586,
634,208,
720,765,
205,927,
921,50,
14,181,
113,475,
492,510,
714,955,
159,375,
81,121,
231,146,
121,154,
280,655,
140,50,
904,869,
87,180,
685,647,
234,700,
216,301,
641,420,
721,261,
886,945,
129,922,
610,53,
976,1,
711,527,
176,47,
882,689,
526,628,
355,656,
179,342,
918,167,
213,264,
63,812,
143,262,
188,671,
81,42,
508,290,
351,760,
173,531,
343,259,
376,104,
507,258,
5,209,
898,127,
103,27,
195,870,
809,463,
416,30,
327,328,
812,634,
41,204,
159,460,
61,552,
845,647,
92,291,
728,787,
889,167,
15,432,
338,1000,
626,104,
129,1,
423,76,
350,294,
671,799,
227,549,
278,926,
803,716,
340,494,
482,493,
241,801,
556,113,
613,351,
557,526,
526,450,
105,42,
881,833,
518,283,
286,252,
281,160,
494,141,
71,50,
144,186,
545,718,
291,464,
72,692,
994,95,
237,926,
423,263,
54,662,
528,666,
925,318,
191,857,
286,6,
733,526,
963,938,
470,140,
482,340,
536,184,
957,931,
516,713,
847,171,
52,820,
657,795,
405,211,
6,408,
169,113,
306,93,
258,454,
831,237,
836,575,
539,349,
854,496,
666,190,
228,83,
5,495,
114,168,
259,127,
417,485,
642,825,
754,457,
249,212,
950,215,
912,499,
504,699,
249,560,
417,47,
168,941,
683,111,
27,997,
180,468,
857,983,
107,494,
466,398,
880,286,
49,512,
284,191,
440,460,
455,593,
108,778,
116,435,
788,378,
755,994,
916,718,
286,571,
615,932,
548,377,
210,502,
879,904,
215,347,
9,558,
165,50,
578,462,
301,169,
161,757,
297,570,
79,9,
694,844,
157,283,
143,325,
188,555,
90,482,
333,233,
15,820,
375,802,
903,462,
700,971,
932,106,
195,832,
409,642,
588,899,
129,88,
68,549,
736,706,
205,314,
596,936,
235,234,
430,420,
53,182,
557,567,
828,45,
332,469,
157,839,
914,350,
5,76,
31,342,
608,332,
103,50,
109,45,
39,802,
160,799,
41,136,
322,929,
155,19,
904,198,
160,66,
656,520,
437,532,
584,528,
638,766,
284,155,
473,483,
897,628,
656,123,
408,5,
243,623,
212,17,
446,216,
259,92,
254,137,
978,487,
845,775,
550,44,
23,128,
811,687,
809,144,
695,459,
375,28,
689,964,
526,93,
145,427,
692,767,
9,699,
86,107,
363,889,
185,595,
345,448,
618,163,
424,434,
352,986,
393,107,
547,847,
424,311,
497,350,
641,669,
713,737,
937,170,
825,306,
786,465,
147,85,
7,130,
184,678,
160,147,
397,755,
240,19,
283,394,
32,152,
245,100,
377,389,
63,738,
81,3,
5,267,
367,35,
105,169,
16,44,
163,480,
47,925,
372,227,
829,852,
195,5,
632,397,
366,598,
113,434,
642,106,
606,515,
492,994,
243,434,
441,81,
249,291,
143,780,
314,363,
142,427,
609,287,
732,31,
620,119,
837,380,
888,842,
166,712,
82,681,
212,933,
4,323,
60,387,
676,633,
338,210,
227,820,
17,316,
314,166,
820,533,
424,851,
347,262,
617,818,
417,50,
254,147,
820,362,
63,195,
839,498,
338,169,
64,528,
450,13,
566,729,
588,23,
912,840,
416,482,
549,799,
862,985,
303,532,
21,780,
367,106,
621,160,
375,81,
133,128,
913,699,
60,368,
119,695,
736,751,
645,697,
441,362,
86,252,
264,440,
211,418,
643,507,
811,997,
835,89,
246,195,
646,514,
270,689,
212,28,
80,340,
529,506,
25,459,
237,243,
527,356,
717,592,
145,87,
142,165,
491,13,
698,13,
290,587,
167,197,
448,816,
285,303,
850,848,
886,553,
658,265,
87,681,
106,255,
999,734,
249,388,
981,114,
254,283,
323,6,
162,405,
485,383,
589,282,
916,469,
183,280,
932,114,
258,596,
129,183,
690,957,
845,451,
128,932,
13,900,
984,23,
346,172,
251,151,
589,249,
157,6,
59,990,
21,420,
305,203,
891,620,
926,931,
45,886,
917,206,
811,28,
38,723,
352,347,
781,340,
64,513,
291,125,
458,568,
389,470,
392,411,
730,31,
737,833,
444,786,
160,327,
191,277,
44,951,
338,113,
976,443,
230,682,
884,318,
434,62,
252,304,
461,46,
420,408,
475,917,
158,931,
11,269,
388,932,
859,271,
900,556,
350,713,
790,529,
152,190,
152,49,
944,858,
542,614,
100,937,
95,143,
53,85,
668,817,
172,27,
494,690,
744,752,
282,83,
305,132,
62,748,
402,383,
282,563,
133,395,
251,160,
677,725,
932,393,
239,518,
39,785,
859,650,
79,128,
272,186,
243,64,
169,252,
63,114,
114,220,
136,170,
283,560,
455,375,
569,739,
819,546,
401,205,
917,520,
537,178,
411,738,
615,146,
578,19,
192,88,
409,129,
107,87,
809,198,
41,160,
984,545,
125,424,
312,962,
776,853,
107,642,
262,111,
485,349,
137,877,
411,192,
258,16,
920,83,
696,931,
283,890,
157,350,
616,202,
510,546,
4,803,
45,888,
223,74,
129,926,
830,872,
263,847,
1004,287,
84,585,
355,743,
530,92,
103,33,
478,112,
179,351,
295,576,
368,537,
673,279,
59,698,
262,62,
91,107,
133,272,
558,843,
704,684,
971,391,
612,552,
218,221,
608,406,
377,160,
481,57,
17,162,
754,62,
218,327,
917,994,
13,476,
520,286,
86,393,
211,534,
86,525,
407,262,
40,936,
792,417,
218,86,
269,256,
181,150,
523,601,
564,687,
289,468,
353,262,
58,63,
235,816,
546,333,
674,575,
617,500,
199,769,
390,606,
931,82,
540,58,
996,727,
166,158,
283,493,
349,64,
389,668,
66,469,
161,121,
872,17,
761,771,
129,600,
268,301,
657,347,
151,486,
285,131,
190,162,
84,493,
95,377,
406,503,
352,5,
121,143,
333,393,
61,199,
211,663,
615,628,
61,376,
20,424,
83,153,
485,313,
182,60,
340,945,
103,404,
282,531,
403,168,
8,498,
430,533,
985,560,
211,114,
430,211,
971,188,
953,699,
917,164,
872,633,
41,63,
206,596,
856,922,
121,44,
3,880,
700,699,
994,64,
287,76,
980,13,
918,364,
453,902,
894,585,
69,409,
18,133,
301,13,
908,322,
989,700,
243,39,
188,27,
362,7,
65,307,
552,281,
419,180,
768,755,
34,29,
281,788,
838,889,
183,315,
86,1002,
461,766,
303,423,
865,291,
511,306,
85,287,
131,373,
295,16,
841,312,
547,628,
523,522,
554,967,
731,443,
816,411,
123,682,
310,932,
629,211,
560,223,
11,64,
631,646,
269,461,
533,306,
147,83,
358,525,
404,282,
150,103,
679,379,
627,13,
885,120,
471,831,
624,333,
573,919,
675,690,
615,892,
42,453,
76,47,
554,457,
362,661,
122,468,
867,954,
458,172,
635,792,
4,586,
349,898,
238,62,
911,132,
220,223,
180,644,
325,244,
252,740,
63,371,
998,761,
117,930,
157,680,
12,681,
435,147,
46,371,
544,919,
412,988,
617,775,
115,333,
103,274,
287,319,
657,340,
538,766,
42,87,
175,137,
308,411,
317,459,
259,728,
434,89,
18,241,
663,568,
498,411,
141,142,
113,435,
128,152,
817,544,
597,695,
499,608,
996,949,
352,638,
582,314,
748,394,
177,223,
890,521,
880,101,
94,741,
60,389,
409,689,
149,624,
168,916,
600,939,
181,200,
433,693,
292,550,
588,39,
367,32,
347,180,
579,82,
277,206,
800,969,
689,265,
401,256,
4,425,
17,422,
378,896,
457,332,
351,420,
417,183,
115,363,
303,21,
936,484,
855,990,
297,30,
172,468,
584,412,
902,732,
501,95,
549,298,
74,254,
129,460,
309,374,
397,631,
674,856,
549,190,
981,444,
215,697,
165,261,
404,254,
63,329,
492,283,
817,833,
278,179,
249,156,
595,211,
125,99,
96,370,
177,124,
16,891,
419,214,
293,365,
975,111,
240,99,
74,20,
240,209,
834,922,
991,74,
417,263,
288,71,
887,795,
58,812,
82,486,
87,183,
160,57,
768,216,
75,720,
244,236,
932,21,
378,867,
231,249,
48,171,
52,397,
128,445,
191,180,
923,874,
340,121,
375,172,
452,161,
307,966,
80,105,
41,197,
376,61,
841,659,
121,110,
499,948,
12,666,
418,81,
670,872,
200,285,
188,473,
631,40,
637,360,
982,866,
473,355,
803,193,
107,64,
395,157,
375,756,
33,780,
614,290,
64,458,
465,247,
807,761,
765,586,
791,369,
134,192,
20,400,
667,549,
148,377,
896,303,
865,59,
443,919,
942,749,
614,463,
436,37,
486,430,
539,655,
69,260,
829,512,
318,5,
680,707,
276,473,
440,149,
801,51,
811,497,
166,84,
89,64,
880,174,
547,455,
366,859,
332,699,
258,128,
809,481,
446,448,
296,377,
36,575,
42,671,
366,518,
112,356,
498,671,
27,348,
86,495,
362,372,
74,459,
690,522,
37,300,
58,411,
18,280,
23,40,
986,250,
719,738,
974,592,
839,101,
305,57,
536,83,
64,271,
64,354,
546,272,
639,734,
128,494,
222,642,
375,111,
487,261,
160,132,
132,301,
208,4,
434,674,
533,371,
257,86,
249,513,
545,26,
210,282,
66,701,
583,57,
860,135,
196,593,
439,585,
23,229,
612,791,
174,283,
60,172,
641,982,
82,508,
845,720,
533,401,
113,54,
305,698,
199,332,
76,1001,
18,914,
281,62,
825,752,
132,599,
219,79,
363,609,
204,556,
128,837,
102,732,
167,149,
134,64,
321,697,
115,784,
178,355,
434,144,
949,685,
560,956,
631,409,
263,16,
20,327,
222,17,
297,696,
141,533,
615,869,
173,882,
892,176,
173,69,
145,256,
377,546,
964,420,
735,989,
40,127,
157,132,
474,41,
62,296,
238,498,
699,687,
249,859,
424,46,
387,950,
122,384,
177,267,
742,398,
413,714,
520,57,
581,630,
331,74,
832,979,
194,2,
908,370,
420,838,
83,62,
127,589,
721,403,
182,391,
46,329,
58,179,
260,74,
184,116,
813,817,
250,327,
819,967,
660,719,
334,537,
323,78,
133,206,
556,330,
25,30,
832,59,
257,200,
527,235,
687,266,
214,206,
169,170,
458,494,
943,77,
820,215,
394,179,
540,387,
28,81,
74,341,
131,64,
642,61,
933,625,
542,850,
210,420,
280,493,
455,947,
435,127,
118,138,
94,95,
476,744,
510,504,
896,21,
196,95,
651,243,
852,89,
57,543,
102,812,
340,105,
249,221,
285,831,
417,245,
4,67,
254,106,
114,485,
443,33,
639,492,
826,672,
942,771,
322,683,
880,443,
367,82,
737,372,
283,392,
568,458,
184,298,
196,741,
394,974,
213,533,
215,5,
64,282,
305,54,
500,569,
533,18,
162,249,
160,159,
165,93,
87,166,
130,984,
224,989,
212,393,
237,149,
332,525,
930,238,
160,591,
683,570,
160,130,
603,473,
565,810,
648,536,
635,392,
749,376,
741,250,
359,570,
995,941,
197,128,
840,456,
30,339,
832,192,
839,5,
528,219,
218,74,
183,399,
263,62,
963,87,
223,12,
206,786,
649,313,
807,904,
50,49,
363,249,
474,366,
143,201,
276,651,
443,590,
501,163,
446,583,
389,14,
665,1,
920,31,
579,672,
473,213,
290,559,
107,367,
221,727,
339,151,
266,829,
544,813,
724,323,
189,1,
249,765,
192,2,
370,37,
183,51,
253,142,
480,508,
833,273,
397,379,
686,367,
426,430,
518,343,
429,929,
866,688,
33,312,
902,964,
189,82,
594,878,
446,45,
408,661,
695,259,
152,362,
74,187,
609,649,
249,210,
699,981,
21,282,
362,330,
722,714,
283,673,
327,647,
891,97,
543,485,
489,434,
499,524,
378,856,
82,228,
311,309,
422,212,
79,763,
133,545,
7,122,
924,605,
513,271,
430,19,
535,526,
430,856,
390,388,
728,649,
3,969,
661,707,
498,278,
177,220,
211,705,
7,365,
341,168,
275,741,
2,162,
851,521,
74,166,
114,365,
494,115,
481,13,
437,313,
136,89,
42,372,
526,542,
526,646,
96,604,
231,624,
490,966,
449,797,
420,114,
450,133,
926,663,
182,383,
494,267,
818,74,
715,104,
450,145,
492,64,
495,83,
163,924,
515,289,
145,422,
55,921,
50,901,
298,299,
119,333,
77,105,
825,629,
448,617,
428,756,
377,676,
831,620,
461,140,
373,714,
733,674,
128,204,
160,818,
141,601,
764,72,
0,297,
956,316,
140,470,
75,81,
766,456,
335,15,
84,372,
88,924,
600,489,
2,333,
870,99,
155,108,
898,248,
246,499,
87,84,
121,242,
121,283,
254,21,
419,777,
708,124,
399,457,
27,551,
105,351,
859,286,
526,493,
131,925,
377,166,
389,157,
217,827,
879,740,
201,658,
82,214,
839,276,
589,884,
136,196,
748,593,
283,181,
998,168,
612,152,
434,459,
124,99,
569,582,
970,697,
543,460,
662,667,
303,59,
412,552,
166,559,
478,356,
777,340,
411,304,
615,856,
161,820,
840,683,
232,483,
504,358,
412,851,
19,666,
414,555,
487,905,
249,80,
358,459,
298,137,
236,319,
393,578,
179,381,
212,303,
86,992,
368,393,
159,963,
13,461,
73,395,
820,751,
780,993,
86,553,
417,502,
463,235,
668,812,
31,927,
518,362,
640,990,
236,158,
121,223,
989,749,
87,647,
62,495,
45,335,
520,174,
513,92,
691,397,
124,833,
496,64,
581,0,
493,611,
84,662,
303,169,
150,667,
689,925,
160,375,
584,891,
32,35,
771,7,
62,159,
211,489,
72,950,
301,268,
232,680,
581,420,
4,142,
918,468,
212,408,
839,641,
370,361,
60,214,
525,74,
5,57,
7,575,
547,339,
181,186,
375,105,
862,392,
902,766,
420,230,
937,190,
845,286,
665,817,
544,372,
169,41,
96,86,
92,65,
590,61,
183,371,
516,192,
663,371,
495,283,
607,401,
496,488,
180,615,
932,338,
570,267,
79,350,
31,256,
131,189,
60,320,
399,340,
728,901,
821,236,
466,267,
290,426,
534,31,
440,874,
142,783,
784,284,
63,352,
443,980,
23,33,
19,107,
116,437,
459,223,
57,3,
108,145,
897,583,
138,198,
499,564,
180,121,
796,360,
693,54,
308,320,
959,801,
242,94,
572,444,
773,441,
3,480,
318,76,
64,492,
194,803,
133,401,
455,96,
833,303,
942,512,
28,438,
121,434,
63,41,
258,481,
271,390,
668,928,
95,547,
822,290,
747,180,
482,63,
493,424,
211,107,
918,253,
423,318,
167,536,
19,366,
137,210,
197,143,
440,537,
17,415,
477,90,
395,80,
738,55,
980,841,
462,212,
322,272,
84,162,
251,860,
53,102,
344,349,
519,518,
6,549,
1002,899,
919,712,
567,965,
95,394,
21,679,
367,276,
91,183,
95,300,
106,20,
682,406,
412,839,
180,41,
627,18,
300,81,
109,366,
292,284,
953,889,
14,231,
544,716,
52,595,
470,623,
419,542,
165,27,
580,730,
210,211,
519,106,
823,813,
830,562,
179,345,
899,873,
117,69,
584,604,
423,847,
880,844,
310,295,
112,760,
911,439,
885,401,
115,16,
580,878,
49,282,
169,914,
103,546,
753,348,
828,419,
647,197,
22,682,
547,210,
372,121,
101,760,
58,458,
818,259,
87,20,
444,247,
121,145,
994,968,
336,174,
551,497,
36,709,
173,25,
395,396,
350,191,
110,111,
310,62,
936,572,
252,238,
406,24,
298,549,
432,713,
755,753,
705,661,
139,46,
24,71,
670,563,
232,204,
211,841,
366,65,
738,118,
62,290,
424,474,
183,820,
220,803,
988,105,
445,917,
96,10,
322,533,
47,86,
169,531,
935,317,
263,47,
152,70,
450,186,
139,398,
616,788,
590,171,
121,401,
822,779,
638,156,
639,513,
129,426,
872,290,
181,379,
296,62,
373,311,
623,512,
594,837,
201,557,
208,718,
974,296,
150,628,
265,260,
418,62,
152,578,
32,30,
509,637,
128,820,
280,62,
409,93,
112,344,
133,400,
532,104,
675,505,
495,1,
414,624,
69,715,
460,949,
129,542,
120,492,
822,534,
952,859,
56,826,
48,50,
642,42,
157,981,
114,892,
901,299,
405,218,
845,89,
57,849,
161,940,
520,89,
551,91,
409,65,
525,967,
480,1,
380,178,
74,537,
519,259,
911,711,
888,691,
42,169,
28,699,
232,53,
7,606,
110,372,
130,54,
308,211,
139,193,
183,909,
27,30,
690,917,
192,733,
421,142,
662,282,
141,496,
720,213,
183,16,
472,929,
361,25,
260,648,
460,325,
169,355,
391,239,
447,234,
220,132,
496,68,
623,741,
546,490,
927,931,
511,949,
174,158,
821,540,
329,96,
21,118,
424,139,
100,513,
160,812,
297,243,
412,902,
210,602,
62,45,
877,924,
63,924,
233,210,
64,506,
840,3,
105,249,
231,74,
293,856,
502,358,
711,925,
310,973,
281,271,
499,501,
493,65,
781,605,
393,899,
402,807,
85,93,
558,986,
834,942,
802,757,
518,434,
105,824,
670,909,
280,107,
435,610,
209,812,
499,187,
24,658,
107,165,
533,498,
701,619,
417,725,
143,877,
773,723,
458,426,
834,382,
131,366,
822,350,
879,713,
198,413,
351,130,
0,62,
97,436,
531,115,
41,206,
321,320,
636,987,
61,503,
289,937,
172,346,
570,452,
165,38,
264,866,
165,417,
2,194,
290,620,
9,569,
785,231,
182,778,
170,310,
336,728,
424,115,
662,494,
906,512,
287,786,
812,880,
225,657,
91,308,
645,184,
114,171,
652,124,
114,737,
191,142,
838,372,
212,58,
927,496,
322,428,
611,814,
445,8,
136,464,
479,898,
409,108,
537,232,
901,955,
295,557,
413,168,
715,725,
434,907,
854,267,
187,979,
388,560,
28,248,
79,444,
30,169,
43,786,
190,684,
158,159,
279,991,
619,56,
106,211,
80,287,
434,178,
824,995,
652,451,
173,134,
293,110,
512,254,
795,395,
359,754,
412,587,
787,63,
531,165,
75,40,
363,348,
290,572,
490,782,
261,965,
87,914,
859,832,
487,380,
249,695,
255,295,
90,830,
292,1000,
430,14,
547,527,
922,875,
182,874,
373,508,
749,987,
114,833,
336,422,
653,247,
134,872,
786,435,
763,615,
839,707,
860,7,
212,554,
115,337,
147,546,
166,355,
32,840,
932,44,
142,367,
625,864,
107,166,
271,282,
252,338,
583,229,
443,573,
392,283,
517,9,
155,393,
762,599,
448,243,
809,2,
114,46,
289,326,
922,55,
31,135,
651,833,
707,7,
114,280,
30,38,
855,529,
160,379,
106,107,
713,451,
366,424,
721,752,
537,768,
612,906,
96,481,
455,438,
744,204,
355,170,
939,307,
30,438,
123,115,
156,381,
693,152,
345,346,
345,114,
535,340,
95,203,
484,822,
63,188,
902,942,
67,189,
401,748,
68,377,
166,984,
943,894,
74,314,
7,324,
820,143,
800,31,
826,950,
120,133,
488,499,
706,923,
753,562,
198,401,
48,62,
338,176,
815,785,
21,409,
434,405,
80,222,
534,415,
668,231,
389,310,
272,664,
145,58,
314,295,
752,467,
121,142,
435,267,
414,791,
307,706,
376,320,
252,135,
765,532,
97,543,
89,520,
843,624,
455,245,
177,810,
252,369,
968,978,
339,438,
379,124,
27,197,
281,63,
263,303,
355,420,
162,323,
336,169,
647,3,
86,98,
143,758,
642,121,
732,134,
588,36,
96,23,
166,129,
288,778,
184,966,
307,788,
398,978,
686,15,
63,303,
702,616,
983,237,
663,985,
409,710,
529,11,
498,538,
473,129,
173,115,
738,105,
162,90,
764,303,
142,356,
22,11,
411,809,
660,256,
290,160,
295,181,
150,505,
283,131,
165,39,
804,532,
986,614,
557,180,
261,655,
327,951,
295,61,
237,174,
45,404,
225,142,
129,362,
206,106,
342,156,
482,598,
684,738,
61,946,
195,6,
564,158,
832,126,
221,268,
6,667,
538,92,
932,346,
197,739,
547,372,
379,382,
424,188,
65,366,
477,562,
580,833,
183,434,
806,835,
218,1,
548,128,
253,80,
325,571,
838,301,
813,916,
803,195,
271,57,
817,34,
189,710,
953,765,
377,395,
778,122,
119,986,
699,749,
434,282,
618,704,
8,504,
407,874,
654,451,
304,549,
205,593,
146,613,
138,880,
329,419,
374,158,
856,506,
516,6,
7,765,
711,734,
623,33,
868,659,
558,591,
31,683,
141,340,
221,256,
205,279,
812,4,
64,329,
425,206,
140,46,
449,723,
496,306,
41,95,
107,405,
756,387,
116,171,
297,239,
898,125,
788,138,
237,466,
170,378,
414,934,
388,387,
793,998,
492,800,
77,689,
563,345,
998,190,
271,2,
404,84,
346,744,
719,525,
719,379,
146,66,
97,566,
160,681,
626,238,
138,770,
345,214,
502,505,
601,562,
403,404,
541,764,
28,999,
176,265,
9,265,
627,137,
41,581,
169,107,
82,78,
17,671,
62,233,
466,602,
231,659,
910,865,
883,360,
756,225,
850,676,
394,320,
8,664,
523,64,
505,684,
776,204,
142,10,
102,323,
5,115,
237,521,
52,537,
612,212,
820,950,
949,252,
983,890,
778,124,
555,81,
19,555,
290,356,
534,637,
340,16,
478,878,
592,825,
71,431,
186,454,
211,16,
163,282,
944,428,
874,26,
62,668,
67,483,
93,260,
233,83,
222,188,
329,355,
395,368,
509,850,
822,900,
450,14,
138,86,
237,267,
471,45,
257,846,
896,344,
489,207,
211,604,
107,179,
17,282,
377,403,
288,662,
232,280,
264,707,
707,767,
993,316,
564,126,
623,86,
482,134,
128,169,
64,115,
375,80,
564,876,
473,226,
500,149,
486,303,
667,213,
932,310,
283,128,
758,137,
439,405,
733,723,
740,787,
862,197,
520,789,
354,554,
172,130,
234,283,
626,620,
4,297,
882,957,
183,526,
591,93,
519,655,
493,422,
50,110,
696,985,
40,604,
63,384,
405,142,
340,167,
261,742,
971,695,
430,44,
177,112,
128,900,
870,139,
105,86,
147,717,
28,165,
234,163,
481,400,
3,812,
105,589,
163,658,
300,283,
339,283,
179,457,
947,957,
728,362,
105,155,
886,338,
138,815,
439,895,
141,293,
343,340,
131,255,
810,220,
424,612,
600,580,
16,132,
82,161,
684,864,
127,469,
565,814,
104,219,
930,243,
984,590,
25,26,
927,346,
339,179,
90,469,
434,211,
194,698,
6,438,
288,641,
928,591,
875,859,
666,362,
968,994,
47,928,
211,450,
404,142,
769,271,
618,269,
404,83,
168,113,
86,484,
335,860,
317,779,
114,356,
271,192,
334,732,
738,309,
86,106,
229,784,
293,661,
366,856,
527,612,
829,142,
324,583,
178,37,
284,168,
36,129,
21,107,
380,232,
339,191,
333,492,
375,389,
208,195,
242,210,
611,420,
707,661,
412,87,
549,187,
358,573,
846,601,
498,473,
646,327,
685,320,
345,141,
366,134,
738,97,
74,498,
883,157,
37,227,
209,909,
58,597,
278,126,
169,332,
267,265,
279,960,
152,74,
498,359,
817,731,
170,470,
123,41,
47,799,
169,455,
582,280,
393,157,
747,356,
258,199,
211,283,
515,158,
12,823,
497,38,
248,61,
291,14,
828,464,
84,729,
222,624,
983,678,
404,787,
756,230,
731,868,
33,9,
685,81,
475,344,
725,545,
89,468,
344,231,
806,780,
771,85,
290,414,
145,170,
244,963,
641,533,
67,209,
597,187,
374,502,
152,62,
417,363,
82,327,
411,172,
96,442,
258,478,
810,721,
739,103,
486,848,
482,450,
193,564,
722,858,
590,446,
455,39,
769,167,
723,91,
190,269,
388,179,
969,287,
93,733,
235,659,
445,735,
694,354,
244,318,
833,62,
962,890,
622,824,
65,574,
750,782,
44,525,
909,995,
416,926,
663,551,
51,362,
424,93,
40,361,
665,58,
515,270,
139,446,
343,180,
334,579,
466,487,
93,545,
533,60,
776,136,
765,499,
173,950,
823,156,
611,419,
119,170,
754,266,
14,339,
248,336,
913,733,
194,885,
456,938,
223,83,
908,414,
809,107,
46,16,
424,356,
5,100,
620,114,
549,679,
132,604,
233,105,
507,513,
908,207,
304,89,
81,460,
780,733,
342,377,
584,745,
303,362,
213,558,
593,879,
722,867,
264,147,
245,263,
445,220,
114,89,
293,552,
375,494,
779,273,
96,66,
432,225,
179,945,
899,429,
296,351,
363,364,
780,137,
284,167,
390,268,
747,410,
935,1003,
327,20,
167,408,
701,121,
141,166,
877,845,
664,762,
211,424,
714,413,
13,96,
645,751,
121,226,
494,804,
160,826,
832,193,
761,132,
257,278,
554,246,
819,116,
230,954,
183,458,
262,191,
56,718,
478,105,
204,232,
96,326,
594,980,
320,792,
345,747,
170,96,
820,63,
478,638,
564,85,
0,223,
298,453,
892,475,
12,376,
562,533,
57,950,
184,69,
438,170,
736,362,
136,795,
397,393,
820,581,
546,367,
73,309,
115,420,
823,213,
813,450,
440,435,
939,447,
439,699,
717,856,
308,763,
663,509,
51,449,
142,121,
222,637,
934,915,
210,107,
479,882,
300,97,
657,888,
547,463,
92,437,
164,46,
733,551,
494,393,
160,967,
932,201,
375,328,
44,260,
250,768,
759,153,
1000,254,
300,194,
233,341,
155,236,
247,829,
512,160,
45,843,
121,10,
558,590,
344,747,
87,513,
20,326,
142,187,
442,760,
918,70,
252,127,
470,924,
314,951,
440,450,
880,755,
303,355,
4,678,
110,492,
478,90,
820,179,
579,24,
911,788,
397,892,
165,340,
121,300,
953,14,
218,312,
387,377,
128,62,
247,734,
724,794,
167,749,
820,129,
242,5,
507,342,
880,478,
216,45,
162,177,
682,191,
40,957,
399,218,
249,377,
381,325,
61,98,
419,891,
74,64,
887,996,
371,167,
68,16,
865,159,
32,274,
759,753,
443,445,
698,481,
167,847,
191,349,
64,96,
564,190,
165,337,
557,395,
601,720,
667,161,
326,86,
247,256,
6,316,
11,956,
49,53,
642,876,
166,633,
343,378,
647,955,
146,688,
30,545,
527,801,
392,368,
249,21,
246,421,
690,520,
412,820,
389,561,
487,41,
549,467,
291,723,
808,3,
918,463,
335,429,
366,312,
37,65,
138,666,
286,796,
876,739,
827,142,
287,69,
310,272,
52,157,
780,230,
480,69,
411,981,
568,257,
710,513,
76,215,
424,410,
118,420,
826,803,
482,129,
25,24,
5,497,
145,428,
390,756,
393,160,
922,53,
17,120,
232,14,
17,0,
32,891,
74,223,
0,840,
255,329,
696,222,
638,96,
320,377,
123,221,
114,4,
642,664,
328,280,
437,336,
56,25,
965,358,
223,218,
80,98,
641,282,
373,242,
587,786,
856,212,
539,178,
153,299,
428,706,
210,45,
953,425,
419,495,
129,515,
443,40,
399,130,
404,859,
129,572,
535,285,
641,301,
121,30,
65,187,
251,629,
211,15,
960,457,
727,83,
963,871,
19,473,
973,877,
870,894,
373,357,
786,85,
683,581,
526,936,
624,683,
817,69,
385,378,
82,191,
405,278,
15,304,
708,37,
56,959,
222,226,
19,533,
137,194,
55,58,
12,10,
613,63,
372,3,
854,781,
405,44,
358,530,
114,551,
340,405,
718,185,
280,133,
756,329,
129,46,
1004,262,
263,280,
560,747,
83,133,
766,153,
727,414,
160,128,
42,681,
59,4,
174,259,
436,736,
38,420,
473,184,
569,365,
118,957,
333,868,
524,72,
249,258,
608,136,
450,568,
462,586,
295,107,
581,239,
749,647,
482,461,
818,215,
5,235,
897,170,
592,274,
153,83,
269,298,
657,752,
107,589,
882,230,
186,490,
772,408,
166,178,
30,696,
11,400,
306,10,
526,448,
357,301,
164,986,
768,843,
498,421,
89,10,
953,23,
283,589,
547,340,
106,230,
80,243,
551,473,
88,944,
91,258,
6,194,
343,129,
568,276,
271,64,
378,527,
859,200,
907,424,
314,52,
183,80,
278,301,
731,100,
572,346,
437,443,
142,23,
412,809,
466,655,
14,829,
86,804,
554,29,
299,287,
666,11,
709,584,
198,167,
121,356,
40,150,
174,157,
165,900,
370,427,
697,955,
661,7,
353,44,
594,433,
312,299,
893,505,
544,319,
201,249,
336,448,
303,924,
819,465,
815,574,
47,443,
93,543,
196,207,
485,113,
810,755,
409,169,
533,114,
482,367,
754,720,
269,371,
552,532,
903,328,
753,619,
397,981,
286,605,
963,932,
998,595,
685,170,
438,277,
874,107,
170,485,
87,569,
474,233,
638,884,
706,198,
538,615,
670,603,
382,528,
71,383,
108,69,
107,357,
932,128,
131,82,
115,63,
401,160,
419,340,
58,830,
366,105,
602,707,
116,261,
353,249,
628,794,
620,39,
39,34,
106,295,
861,753,
785,548,
479,465,
155,739,
458,542,
581,204,
37,409,
926,242,
573,157,
192,517,
16,362,
51,29,
28,505,
52,368,
545,117,
405,670,
